2017/3/1 0:00,137,河南南阳陶岔,长江,南水北调中线取水口,7.95,Ⅰ,11.09,Ⅰ,-1,-,9999,-,0.02,Ⅰ
2017/3/1 0:00,112,江苏扬州三江营,长江,夹江（南水北调取水口）,7.33,Ⅰ,8.61,Ⅰ,2.81,Ⅱ,-1,-,-1,-
2017/3/1 4:00,137,河南南阳陶岔,长江,南水北调中线取水口,7.95,Ⅰ,11.11,Ⅰ,-1,-,9999,-,0.08,Ⅰ
2017/3/1 4:00,112,江苏扬州三江营,长江,夹江（南水北调取水口）,7.3,Ⅰ,8.58,Ⅰ,2.78,Ⅱ,-1,-,-1,-
2017/3/1 8:00,125,湖北丹江口胡家岭,长江,丹江口水库（库体）,8.07,Ⅰ,10.99,Ⅰ,2.4,Ⅱ,9999,-,0.12,Ⅰ
2017/3/1 8:00,112,江苏扬州三江营,长江,夹江（南水北调取水口）,7.47,Ⅰ,8.63,Ⅰ,2.8,Ⅱ,-1,-,-1,-
2017/3/1 8:00,137,河南南阳陶岔,长江,南水北调中线取水口,7.96,Ⅰ,11.19,Ⅰ,-1,-,9999,-,0.08,Ⅰ
2017/3/1 12:00,112,江苏扬州三江营,长江,夹江（南水北调取水口）,7.08,Ⅰ,8.51,Ⅰ,3.19,Ⅱ,-1,-,-1,-
2017/3/1 16:00,137,河南南阳陶岔,长江,南水北调中线取水口,8.01,Ⅰ,11.49,Ⅰ,-1,-,9999,-,0.05,Ⅰ
2017/3/1 16:00,112,江苏扬州三江营,长江,夹江（南水北调取水口）,7.17,Ⅰ,8.5,Ⅰ,5.73,Ⅲ,-1,-,-1,-
2017/3/1 20:00,137,河南南阳陶岔,长江,南水北调中线取水口,7.97,Ⅰ,10.9,Ⅰ,-1,-,9999,-,0.07,Ⅰ
2017/3/2 0:00,112,江苏扬州三江营,长江,夹江（南水北调取水口）,7.41,Ⅰ,8.66,Ⅰ,2.8,Ⅱ,-1,-,-1,-
2017/3/2 4:00,125,湖北丹江口胡家岭,长江,丹江口水库（库体）,7.97,Ⅰ,10.75,Ⅰ,2.22,Ⅱ,9999,-,0.11,Ⅰ
2017/3/2 4:00,112,江苏扬州三江营,长江,夹江（南水北调取水口）,7.48,Ⅰ,8.83,Ⅰ,2.78,Ⅱ,-1,-,-1,-
2017/3/2 4:00,137,河南南阳陶岔,长江,南水北调中线取水口,7.76,Ⅰ,10.45,Ⅰ,-1,-,9999,-,0.09,Ⅰ
2017/3/2 4:00,118,四川泸州沱江二桥,长江,沱江（入长江前）,7.81,Ⅰ,8.89,Ⅰ,2.8,Ⅱ,9999,-,0.19,Ⅱ
2017/3/2 4:00,75,湖北宜昌南津关,长江,长江干流（三峡水库出口）,7.62,Ⅰ,8.9,Ⅰ,2.44,Ⅱ,9999,-,0.1,Ⅰ
2017/3/2 4:00,65,湖北武汉宗关,长江,汉江（入长江前）,8,Ⅰ,9.69,Ⅰ,1.84,Ⅰ,9999,-,0.16,Ⅱ
2017/3/2 4:00,107,湖南岳阳岳阳楼,长江,洞庭湖出口,7.48,Ⅰ,12,Ⅰ,-1,-,9999,-,0.27,Ⅱ
2017/3/2 8:00,16,湖南岳阳城陵矶,长江,长江干流,7.53,Ⅰ,9.98,Ⅰ,1.98,Ⅰ,9999,-,0.25,Ⅱ
2017/3/2 8:00,74,四川攀枝花龙洞,长江,长江干流,7.06,Ⅰ,7.98,Ⅰ,2.12,Ⅱ,9999,-,0.13,Ⅰ
2017/3/2 8:00,173,湖南常德坡头,长江,沅江（入洞庭湖）,8.15,Ⅰ,12.97,Ⅰ,0.48,Ⅰ,9999,-,0.25,Ⅱ
2017/3/2 8:00,184,湖南益阳万家嘴,长江,资水（入洞庭湖前）,7.64,Ⅰ,8.64,Ⅰ,3.86,Ⅱ,9999,-,0.51,Ⅲ
2017/3/2 8:00,137,河南南阳陶岔,长江,南水北调中线取水口,7.76,Ⅰ,10.45,Ⅰ,-1,-,9999,-,0.09,Ⅰ
2017/3/2 9:00,112,江苏扬州三江营,长江,夹江（南水北调取水口）,7.77,Ⅰ,8.79,Ⅰ,2.86,Ⅱ,-1,-,-1,-
2017/3/2 9:00,158,四川广元清风峡,长江,嘉陵江（陕-川省界）,8.11,Ⅰ,-1,-,-1,-,-1,-,0.11,Ⅰ
2017/3/2 12:00,107,湖南岳阳岳阳楼,长江,洞庭湖出口,7.47,Ⅰ,11.92,Ⅰ,-1,-,9999,-,0.22,Ⅱ
2017/3/2 12:00,137,河南南阳陶岔,长江,南水北调中线取水口,7.76,Ⅰ,10.45,Ⅰ,-1,-,9999,-,0.07,Ⅰ
2017/3/2 12:00,74,四川攀枝花龙洞,长江,长江干流,7.93,Ⅰ,9.07,Ⅰ,2.09,Ⅱ,9999,-,0.14,Ⅰ
2017/3/2 12:00,158,四川广元清风峡,长江,嘉陵江（陕-川省界）,8.2,Ⅰ,11.22,Ⅰ,-1,-,-1,-,0.07,Ⅰ
2017/3/2 12:00,173,湖南常德坡头,长江,沅江（入洞庭湖）,8.16,Ⅰ,12.88,Ⅰ,0.44,Ⅰ,9999,-,0.15,Ⅰ
2017/3/2 12:00,112,江苏扬州三江营,长江,夹江（南水北调取水口）,7.54,Ⅰ,8.7,Ⅰ,2.91,Ⅱ,-1,-,-1,-
2017/3/2 12:00,16,湖南岳阳城陵矶,长江,长江干流,7.53,Ⅰ,9.91,Ⅰ,2.53,Ⅱ,9999,-,0.26,Ⅱ
2017/3/2 12:00,118,四川泸州沱江二桥,长江,沱江（入长江前）,7.8,Ⅰ,8.82,Ⅰ,2.82,Ⅱ,9999,-,0.16,Ⅱ
2017/3/2 12:00,75,湖北宜昌南津关,长江,长江干流（三峡水库出口）,7.63,Ⅰ,9.05,Ⅰ,2.45,Ⅱ,9999,-,0.2,Ⅱ
2017/3/2 12:00,65,湖北武汉宗关,长江,汉江（入长江前）,7.99,Ⅰ,9.51,Ⅰ,2.66,Ⅱ,9999,-,0.2,Ⅱ
2017/3/2 12:00,125,湖北丹江口胡家岭,长江,丹江口水库（库体）,8.09,Ⅰ,11.23,Ⅰ,2.74,Ⅱ,9999,-,0.1,Ⅰ
2017/3/2 12:00,184,湖南益阳万家嘴,长江,资水（入洞庭湖前）,7.76,Ⅰ,8.78,Ⅰ,3.76,Ⅱ,9999,-,0.55,Ⅲ
2017/3/2 16:00,137,河南南阳陶岔,长江,南水北调中线取水口,7.76,Ⅰ,10.45,Ⅰ,-1,-,9999,-,0.07,Ⅰ
2017/3/2 16:00,112,江苏扬州三江营,长江,夹江（南水北调取水口）,7.19,Ⅰ,8.64,Ⅰ,3.52,Ⅱ,-1,-,-1,-
2017/3/2 16:00,158,四川广元清风峡,长江,嘉陵江（陕-川省界）,8.2,Ⅰ,10.78,Ⅰ,-1,-,-1,-,0.05,Ⅰ
2017/3/2 16:00,184,湖南益阳万家嘴,长江,资水（入洞庭湖前）,7.62,Ⅰ,8.68,Ⅰ,4.28,Ⅲ,9999,-,0.62,Ⅲ
2017/3/2 16:00,173,湖南常德坡头,长江,沅江（入洞庭湖）,8.22,Ⅰ,12.81,Ⅰ,0.4,Ⅰ,9999,-,-1,-
2017/3/2 20:00,137,河南南阳陶岔,长江,南水北调中线取水口,7.76,Ⅰ,10.45,Ⅰ,-1,-,9999,-,0.08,Ⅰ
2017/3/2 20:00,112,江苏扬州三江营,长江,夹江（南水北调取水口）,7.36,Ⅰ,8.57,Ⅰ,2.97,Ⅱ,-1,-,-1,-
2017/3/3 0:00,137,河南南阳陶岔,长江,南水北调中线取水口,7.76,Ⅰ,10.45,Ⅰ,-1,-,9999,-,0.07,Ⅰ
2017/3/3 0:00,112,江苏扬州三江营,长江,夹江（南水北调取水口）,7.47,Ⅰ,8.59,Ⅰ,2.99,Ⅱ,-1,-,-1,-
2017/3/3 4:00,74,四川攀枝花龙洞,长江,长江干流,6.99,Ⅰ,8.37,Ⅰ,1.85,Ⅰ,9999,-,-1,-
2017/3/3 4:00,173,湖南常德坡头,长江,沅江（入洞庭湖）,8.17,Ⅰ,13.16,Ⅰ,0.2,Ⅰ,9999,-,0.16,Ⅱ
2017/3/3 4:00,75,湖北宜昌南津关,长江,长江干流（三峡水库出口）,7.6,Ⅰ,8.96,Ⅰ,2.55,Ⅱ,9999,-,-1,-
2017/3/3 4:00,107,湖南岳阳岳阳楼,长江,洞庭湖出口,7.49,Ⅰ,11.86,Ⅰ,-1,-,9999,-,0.23,Ⅱ
2017/3/3 4:00,112,江苏扬州三江营,长江,夹江（南水北调取水口）,7.49,Ⅰ,8.62,Ⅰ,2.98,Ⅱ,-1,-,-1,-
2017/3/3 4:00,16,湖南岳阳城陵矶,长江,长江干流,7.51,Ⅰ,9.8,Ⅰ,2.24,Ⅱ,9999,-,0.24,Ⅱ
2017/3/3 4:00,118,四川泸州沱江二桥,长江,沱江（入长江前）,7.77,Ⅰ,8.6,Ⅰ,2.89,Ⅱ,9999,-,0.21,Ⅱ
2017/3/3 4:00,125,湖北丹江口胡家岭,长江,丹江口水库（库体）,7.91,Ⅰ,10.58,Ⅰ,2.13,Ⅱ,9999,-,0.1,Ⅰ
2017/3/3 4:00,65,湖北武汉宗关,长江,汉江（入长江前）,7.98,Ⅰ,9.5,Ⅰ,2.16,Ⅱ,9999,-,0.19,Ⅱ
2017/3/3 4:00,137,河南南阳陶岔,长江,南水北调中线取水口,7.76,Ⅰ,10.45,Ⅰ,-1,-,9999,-,0.07,Ⅰ
2017/3/3 8:00,184,湖南益阳万家嘴,长江,资水（入洞庭湖前）,7.66,Ⅰ,7.56,Ⅰ,3.66,Ⅱ,9999,-,0.9,Ⅲ
2017/3/3 8:00,112,江苏扬州三江营,长江,夹江（南水北调取水口）,7.45,Ⅰ,8.66,Ⅰ,3.17,Ⅱ,-1,-,-1,-
2017/3/3 8:00,118,四川泸州沱江二桥,长江,沱江（入长江前）,7.77,Ⅰ,8.57,Ⅰ,2.84,Ⅱ,9999,-,0.19,Ⅱ
2017/3/3 8:00,125,湖北丹江口胡家岭,长江,丹江口水库（库体）,8.02,Ⅰ,10.97,Ⅰ,2.34,Ⅱ,9999,-,0.1,Ⅰ
2017/3/3 8:00,137,河南南阳陶岔,长江,南水北调中线取水口,7.76,Ⅰ,10.45,Ⅰ,-1,-,9999,-,0.06,Ⅰ
2017/3/3 8:00,158,四川广元清风峡,长江,嘉陵江（陕-川省界）,8.16,Ⅰ,11.47,Ⅰ,-1,-,-1,-,0.06,Ⅰ
2017/3/3 12:00,158,四川广元清风峡,长江,嘉陵江（陕-川省界）,8.21,Ⅰ,11.54,Ⅰ,-1,-,-1,-,0.09,Ⅰ
2017/3/3 12:00,112,江苏扬州三江营,长江,夹江（南水北调取水口）,7.49,Ⅰ,8.59,Ⅰ,2.92,Ⅱ,-1,-,-1,-
2017/3/3 16:00,112,江苏扬州三江营,长江,夹江（南水北调取水口）,7.4,Ⅰ,8.56,Ⅰ,2.79,Ⅱ,-1,-,-1,-
2017/3/3 20:00,112,江苏扬州三江营,长江,夹江（南水北调取水口）,7.36,Ⅰ,8.53,Ⅰ,2.96,Ⅱ,-1,-,-1,-
2017/3/4 0:00,112,江苏扬州三江营,长江,夹江（南水北调取水口）,7.48,Ⅰ,8.5,Ⅰ,2.7,Ⅱ,-1,-,-1,-
2017/3/4 4:00,112,江苏扬州三江营,长江,夹江（南水北调取水口）,7.4,Ⅰ,8.56,Ⅰ,2.73,Ⅱ,-1,-,-1,-
2017/3/4 8:00,112,江苏扬州三江营,长江,夹江（南水北调取水口）,7.53,Ⅰ,8.59,Ⅰ,3.38,Ⅱ,-1,-,-1,-
2017/3/4 12:00,112,江苏扬州三江营,长江,夹江（南水北调取水口）,7.44,Ⅰ,8.43,Ⅰ,3.07,Ⅱ,-1,-,-1,-
2017/3/4 16:00,112,江苏扬州三江营,长江,夹江（南水北调取水口）,7.12,Ⅰ,8.36,Ⅰ,3.68,Ⅱ,-1,-,-1,-
2017/3/4 20:00,137,河南南阳陶岔,长江,南水北调中线取水口,7.76,Ⅰ,10.45,Ⅰ,-1,-,9999,-,0.07,Ⅰ
2017/3/4 20:00,112,江苏扬州三江营,长江,夹江（南水北调取水口）,7.31,Ⅰ,8.38,Ⅰ,3.24,Ⅱ,-1,-,-1,-
2017/3/5 0:00,112,江苏扬州三江营,长江,夹江（南水北调取水口）,7.14,Ⅰ,8.36,Ⅰ,2.83,Ⅱ,-1,-,-1,-
2017/3/5 4:00,112,江苏扬州三江营,长江,夹江（南水北调取水口）,7.37,Ⅰ,8.34,Ⅰ,2.7,Ⅱ,-1,-,-1,-
2017/3/5 8:00,112,江苏扬州三江营,长江,夹江（南水北调取水口）,7.35,Ⅰ,8.39,Ⅰ,3.02,Ⅱ,-1,-,-1,-
2017/3/5 8:00,137,河南南阳陶岔,长江,南水北调中线取水口,7.76,Ⅰ,10.45,Ⅰ,-1,-,9999,-,-1,-
2017/3/5 11:00,137,河南南阳陶岔,长江,南水北调中线取水口,7.76,Ⅰ,10.45,Ⅰ,-1,-,9999,-,-1,-
2017/3/5 12:00,112,江苏扬州三江营,长江,夹江（南水北调取水口）,7.29,Ⅰ,8.3,Ⅰ,2.84,Ⅱ,-1,-,-1,-
2017/3/5 16:00,112,江苏扬州三江营,长江,夹江（南水北调取水口）,7.24,Ⅰ,8.25,Ⅰ,2.91,Ⅱ,-1,-,-1,-
2017/3/5 20:00,112,江苏扬州三江营,长江,夹江（南水北调取水口）,7.31,Ⅰ,8.29,Ⅰ,2.71,Ⅱ,-1,-,-1,-
2017/3/6 0:00,112,江苏扬州三江营,长江,夹江（南水北调取水口）,7.39,Ⅰ,8.38,Ⅰ,3,Ⅱ,-1,-,-1,-
2017/3/6 4:00,158,四川广元清风峡,长江,嘉陵江（陕-川省界）,8.17,Ⅰ,11.73,Ⅰ,-1,-,-1,-,0.08,Ⅰ
2017/3/6 4:00,112,江苏扬州三江营,长江,夹江（南水北调取水口）,7.46,Ⅰ,8.39,Ⅰ,2.84,Ⅱ,-1,-,-1,-
2017/3/6 4:00,118,四川泸州沱江二桥,长江,沱江（入长江前）,7.72,Ⅰ,9.11,Ⅰ,3.22,Ⅱ,9999,-,0.26,Ⅱ
2017/3/6 4:00,125,湖北丹江口胡家岭,长江,丹江口水库（库体）,8.13,Ⅰ,11.2,Ⅰ,2.3,Ⅱ,9999,-,0.11,Ⅰ
2017/3/6 4:00,137,河南南阳陶岔,长江,南水北调中线取水口,7.76,Ⅰ,10.45,Ⅰ,-1,-,9999,-,-1,-
2017/3/6 4:00,75,湖北宜昌南津关,长江,长江干流（三峡水库出口）,7.69,Ⅰ,9.08,Ⅰ,1.38,Ⅰ,9999,-,0.35,Ⅱ
2017/3/6 8:00,118,四川泸州沱江二桥,长江,沱江（入长江前）,7.71,Ⅰ,8.26,Ⅰ,3.19,Ⅱ,9999,-,0.26,Ⅱ
2017/3/6 8:00,137,河南南阳陶岔,长江,南水北调中线取水口,7.76,Ⅰ,10.45,Ⅰ,-1,-,9999,-,-1,-
2017/3/6 8:00,112,江苏扬州三江营,长江,夹江（南水北调取水口）,7.41,Ⅰ,8.45,Ⅰ,2.69,Ⅱ,-1,-,-1,-
2017/3/6 12:00,137,河南南阳陶岔,长江,南水北调中线取水口,7.76,Ⅰ,10.45,Ⅰ,-1,-,9999,-,-1,-
2017/3/6 12:00,112,江苏扬州三江营,长江,夹江（南水北调取水口）,7.24,Ⅰ,8.39,Ⅰ,1.18,Ⅰ,-1,-,-1,-
2017/3/6 12:00,173,湖南常德坡头,长江,沅江（入洞庭湖）,8.23,Ⅰ,13.29,Ⅰ,0.17,Ⅰ,9999,-,0.23,Ⅱ
2017/3/6 12:00,74,四川攀枝花龙洞,长江,长江干流,8.22,Ⅰ,9.81,Ⅰ,3.6,Ⅱ,9999,-,0.05,Ⅰ
2017/3/6 16:00,112,江苏扬州三江营,长江,夹江（南水北调取水口）,7.21,Ⅰ,8.32,Ⅰ,2.85,Ⅱ,-1,-,-1,-
2017/3/6 16:00,137,河南南阳陶岔,长江,南水北调中线取水口,7.76,Ⅰ,10.45,Ⅰ,-1,-,9999,-,-1,-
2017/3/6 20:00,137,河南南阳陶岔,长江,南水北调中线取水口,7.76,Ⅰ,10.45,Ⅰ,-1,-,9999,-,-1,-
2017/3/6 20:00,112,江苏扬州三江营,长江,夹江（南水北调取水口）,7.24,Ⅰ,8.32,Ⅰ,2.64,Ⅱ,-1,-,-1,-
2017/3/7 0:00,137,河南南阳陶岔,长江,南水北调中线取水口,7.76,Ⅰ,10.45,Ⅰ,-1,-,9999,-,-1,-
2017/3/7 0:00,112,江苏扬州三江营,长江,夹江（南水北调取水口）,7.42,Ⅰ,8.39,Ⅰ,2.56,Ⅱ,-1,-,-1,-
2017/3/7 4:00,137,河南南阳陶岔,长江,南水北调中线取水口,7.76,Ⅰ,10.45,Ⅰ,-1,-,9999,-,-1,-
2017/3/7 4:00,112,江苏扬州三江营,长江,夹江（南水北调取水口）,7.41,Ⅰ,8.4,Ⅰ,2.68,Ⅱ,-1,-,-1,-
2017/3/7 4:00,125,湖北丹江口胡家岭,长江,丹江口水库（库体）,8.23,Ⅰ,11.57,Ⅰ,2.51,Ⅱ,9999,-,0.1,Ⅰ
2017/3/7 4:00,107,湖南岳阳岳阳楼,长江,洞庭湖出口,7.4,Ⅰ,10.88,Ⅰ,-1,-,9999,-,0.14,Ⅰ
2017/3/7 4:00,75,湖北宜昌南津关,长江,长江干流（三峡水库出口）,7.68,Ⅰ,9.04,Ⅰ,1.37,Ⅰ,9999,-,0.34,Ⅱ
2017/3/7 8:00,184,湖南益阳万家嘴,长江,资水（入洞庭湖前）,7.73,Ⅰ,9.82,Ⅰ,3.53,Ⅱ,9999,-,0.63,Ⅲ
2017/3/7 8:00,18,江苏南京林山,长江,长江干流（皖-苏省界）,8.06,Ⅰ,9.67,Ⅰ,2.42,Ⅱ,9999,-,0.1,Ⅰ
2017/3/7 8:00,56,安徽安庆皖河口,长江,长江干流,7.71,Ⅰ,8.44,Ⅰ,2.29,Ⅱ,9999,-,0.04,Ⅰ
2017/3/7 8:00,74,四川攀枝花龙洞,长江,长江干流,7.09,Ⅰ,8.55,Ⅰ,3.25,Ⅱ,9999,-,0.05,Ⅰ
2017/3/7 8:00,112,江苏扬州三江营,长江,夹江（南水北调取水口）,7.46,Ⅰ,8.45,Ⅰ,3.16,Ⅱ,-1,-,-1,-
2017/3/7 8:00,118,四川泸州沱江二桥,长江,沱江（入长江前）,7.7,Ⅰ,7.9,Ⅰ,3.29,Ⅱ,9999,-,0.25,Ⅱ
2017/3/7 8:00,137,河南南阳陶岔,长江,南水北调中线取水口,7.76,Ⅰ,10.45,Ⅰ,-1,-,9999,-,-1,-
2017/3/7 8:00,158,四川广元清风峡,长江,嘉陵江（陕-川省界）,8.09,Ⅰ,9.92,Ⅰ,-1,-,-1,-,0.49,Ⅱ
2017/3/7 8:00,173,湖南常德坡头,长江,沅江（入洞庭湖）,8.28,Ⅰ,13.46,Ⅰ,0.57,Ⅰ,9999,-,0.16,Ⅱ
2017/3/7 8:00,16,湖南岳阳城陵矶,长江,长江干流,7.5,Ⅰ,9.53,Ⅰ,2.45,Ⅱ,9999,-,0.27,Ⅱ
2017/3/7 12:00,184,湖南益阳万家嘴,长江,资水（入洞庭湖前）,7.73,Ⅰ,9.84,Ⅰ,3.83,Ⅱ,9999,-,0.7,Ⅲ
2017/3/7 12:00,18,江苏南京林山,长江,长江干流（皖-苏省界）,8.15,Ⅰ,9.96,Ⅰ,2.32,Ⅱ,9999,-,0.18,Ⅱ
2017/3/7 12:00,74,四川攀枝花龙洞,长江,长江干流,8.31,Ⅰ,10.22,Ⅰ,3.53,Ⅱ,9999,-,0.04,Ⅰ
2017/3/7 12:00,75,湖北宜昌南津关,长江,长江干流（三峡水库出口）,7.68,Ⅰ,9.18,Ⅰ,1.71,Ⅰ,9999,-,0.32,Ⅱ
2017/3/7 12:00,112,江苏扬州三江营,长江,夹江（南水北调取水口）,7.31,Ⅰ,8.37,Ⅰ,2.88,Ⅱ,-1,-,-1,-
2017/3/7 12:00,118,四川泸州沱江二桥,长江,沱江（入长江前）,7.75,Ⅰ,8.35,Ⅰ,3.22,Ⅱ,9999,-,0.23,Ⅱ
2017/3/7 12:00,125,湖北丹江口胡家岭,长江,丹江口水库（库体）,8.28,Ⅰ,11.43,Ⅰ,2.43,Ⅱ,9999,-,0.09,Ⅰ
2017/3/7 12:00,158,四川广元清风峡,长江,嘉陵江（陕-川省界）,8.23,Ⅰ,10.67,Ⅰ,-1,-,-1,-,0.13,Ⅰ
2017/3/7 12:00,173,湖南常德坡头,长江,沅江（入洞庭湖）,8.27,Ⅰ,13.37,Ⅰ,0.38,Ⅰ,9999,-,0.15,Ⅰ
2017/3/7 12:00,16,湖南岳阳城陵矶,长江,长江干流,7.5,Ⅰ,9.5,Ⅰ,2.55,Ⅱ,9999,-,0.29,Ⅱ
2017/3/7 13:00,137,河南南阳陶岔,长江,南水北调中线取水口,7.76,Ⅰ,10.45,Ⅰ,-1,-,9999,-,-1,-
2017/3/7 16:00,112,江苏扬州三江营,长江,夹江（南水北调取水口）,6.94,Ⅰ,8.28,Ⅰ,2.85,Ⅱ,-1,-,-1,-
2017/3/7 20:00,112,江苏扬州三江营,长江,夹江（南水北调取水口）,7.13,Ⅰ,8.34,Ⅰ,2.63,Ⅱ,-1,-,-1,-
2017/3/7 20:00,137,河南南阳陶岔,长江,南水北调中线取水口,7.76,Ⅰ,10.45,Ⅰ,-1,-,9999,-,0.07,Ⅰ
2017/3/8 0:00,112,江苏扬州三江营,长江,夹江（南水北调取水口）,7.31,Ⅰ,8.41,Ⅰ,2.75,Ⅱ,-1,-,-1,-
2017/3/8 0:00,137,河南南阳陶岔,长江,南水北调中线取水口,7.76,Ⅰ,10.45,Ⅰ,-1,-,9999,-,0.07,Ⅰ
2017/3/8 4:00,112,江苏扬州三江营,长江,夹江（南水北调取水口）,7.38,Ⅰ,8.42,Ⅰ,2.54,Ⅱ,-1,-,-1,-
2017/3/8 4:00,137,河南南阳陶岔,长江,南水北调中线取水口,7.76,Ⅰ,10.45,Ⅰ,-1,-,9999,-,0.05,Ⅰ
2017/3/8 8:00,75,湖北宜昌南津关,长江,长江干流（三峡水库出口）,7.63,Ⅰ,9,Ⅰ,1.35,Ⅰ,9999,-,0.3,Ⅱ
2017/3/8 8:00,118,四川泸州沱江二桥,长江,沱江（入长江前）,7.71,Ⅰ,7.89,Ⅰ,3.19,Ⅱ,9999,-,0.27,Ⅱ
2017/3/8 8:00,137,河南南阳陶岔,长江,南水北调中线取水口,7.76,Ⅰ,10.45,Ⅰ,-1,-,9999,-,0.06,Ⅰ
2017/3/8 8:00,112,江苏扬州三江营,长江,夹江（南水北调取水口）,7.45,Ⅰ,8.45,Ⅰ,2.58,Ⅱ,-1,-,-1,-
2017/3/8 11:00,65,湖北武汉宗关,长江,汉江（入长江前）,7.88,Ⅰ,11.01,Ⅰ,1.86,Ⅰ,9999,-,0.22,Ⅱ
2017/3/8 11:00,112,江苏扬州三江营,长江,夹江（南水北调取水口）,7.53,Ⅰ,8.48,Ⅰ,2.05,Ⅱ,-1,-,-1,-
2017/3/8 12:00,158,四川广元清风峡,长江,嘉陵江（陕-川省界）,8.21,Ⅰ,10.36,Ⅰ,-1,-,-1,-,0.08,Ⅰ
2017/3/8 12:00,173,湖南常德坡头,长江,沅江（入洞庭湖）,8.21,Ⅰ,12.84,Ⅰ,0.31,Ⅰ,9999,-,0.15,Ⅰ
2017/3/8 12:00,137,河南南阳陶岔,长江,南水北调中线取水口,7.76,Ⅰ,10.45,Ⅰ,-1,-,9999,-,0.05,Ⅰ
2017/3/8 12:00,107,湖南岳阳岳阳楼,长江,洞庭湖出口,7.35,Ⅰ,10.73,Ⅰ,-1,-,9999,-,0.16,Ⅱ
2017/3/8 12:00,18,江苏南京林山,长江,长江干流（皖-苏省界）,8.13,Ⅰ,9.86,Ⅰ,2.17,Ⅱ,9999,-,0.14,Ⅰ
2017/3/8 12:00,125,湖北丹江口胡家岭,长江,丹江口水库（库体）,8.22,Ⅰ,11.28,Ⅰ,2.15,Ⅱ,9999,-,0.1,Ⅰ
2017/3/8 12:00,110,湖南长沙新港,长江,湘江（洞庭湖入口）,6.85,Ⅰ,7.26,Ⅱ,1.81,Ⅰ,-1,-,0.25,Ⅱ
2017/3/8 12:00,123,江西南昌滁槎,长江,赣江（鄱阳湖入口）,7.69,Ⅰ,7.93,Ⅰ,-1,-,9.09,-,2.44,劣Ⅴ
2017/3/8 12:00,118,四川泸州沱江二桥,长江,沱江（入长江前）,7.73,Ⅰ,8.18,Ⅰ,3.12,Ⅱ,9999,-,0.25,Ⅱ
2017/3/8 12:00,114,江西九江蛤蟆石,长江,鄱阳湖出口,6.93,Ⅰ,9.3,Ⅰ,2.25,Ⅱ,9999,-,0.19,Ⅱ
2017/3/8 12:00,184,湖南益阳万家嘴,长江,资水（入洞庭湖前）,7.74,Ⅰ,9.66,Ⅰ,3.75,Ⅱ,9999,-,0.5,Ⅱ
2017/3/8 12:00,74,四川攀枝花龙洞,长江,长江干流,8.34,Ⅰ,10.53,Ⅰ,3.4,Ⅱ,9999,-,0.05,Ⅰ
2017/3/8 12:00,5,重庆朱沱,长江,长江干流（川-渝省界）,7.5,Ⅰ,7.61,Ⅰ,1.98,Ⅰ,9999,-,0.18,Ⅱ
2017/3/8 12:00,16,湖南岳阳城陵矶,长江,长江干流,7.45,Ⅰ,9.47,Ⅰ,2.28,Ⅱ,9999,-,0.24,Ⅱ
2017/3/8 12:00,76,江西九江河西水厂,长江,长江干流（鄂-赣省界）,7.34,Ⅰ,7.49,Ⅱ,2.18,Ⅱ,9999,-,0.11,Ⅰ
2017/3/8 14:00,65,湖北武汉宗关,长江,汉江（入长江前）,7.9,Ⅰ,11,Ⅰ,2.58,Ⅱ,9999,-,0.09,Ⅰ
2017/3/8 16:00,137,河南南阳陶岔,长江,南水北调中线取水口,7.76,Ⅰ,10.45,Ⅰ,-1,-,9999,-,0.07,Ⅰ
2017/3/8 16:00,112,江苏扬州三江营,长江,夹江（南水北调取水口）,7.2,Ⅰ,8.27,Ⅰ,2.2,Ⅱ,-1,-,-1,-
2017/3/8 20:00,112,江苏扬州三江营,长江,夹江（南水北调取水口）,7.38,Ⅰ,8.31,Ⅰ,2.05,Ⅱ,-1,-,-1,-
2017/3/8 20:00,137,河南南阳陶岔,长江,南水北调中线取水口,7.76,Ⅰ,10.45,Ⅰ,-1,-,9999,-,0.05,Ⅰ
2017/3/9 0:00,137,河南南阳陶岔,长江,南水北调中线取水口,7.76,Ⅰ,10.45,Ⅰ,-1,-,9999,-,0.08,Ⅰ
2017/3/9 0:00,112,江苏扬州三江营,长江,夹江（南水北调取水口）,7.45,Ⅰ,8.42,Ⅰ,2.07,Ⅱ,-1,-,-1,-
2017/3/9 4:00,74,四川攀枝花龙洞,长江,长江干流,7.03,Ⅰ,8.03,Ⅰ,3.32,Ⅱ,9999,-,0.05,Ⅰ
2017/3/9 4:00,5,重庆朱沱,长江,长江干流（川-渝省界）,7.38,Ⅰ,6.72,Ⅱ,2.02,Ⅱ,9999,-,0.16,Ⅱ
2017/3/9 4:00,65,湖北武汉宗关,长江,汉江（入长江前）,7.98,Ⅰ,11.02,Ⅰ,2.38,Ⅱ,9999,-,0.14,Ⅰ
2017/3/9 4:00,75,湖北宜昌南津关,长江,长江干流（三峡水库出口）,7.57,Ⅰ,8.93,Ⅰ,-1,-,9999,-,0.32,Ⅱ
2017/3/9 4:00,76,江西九江河西水厂,长江,长江干流（鄂-赣省界）,7.36,Ⅰ,7.49,Ⅱ,2.16,Ⅱ,9999,-,0.12,Ⅰ
2017/3/9 4:00,107,湖南岳阳岳阳楼,长江,洞庭湖出口,7.39,Ⅰ,10.94,Ⅰ,-1,-,9999,-,0.13,Ⅰ
2017/3/9 4:00,110,湖南长沙新港,长江,湘江（洞庭湖入口）,6.92,Ⅰ,7.08,Ⅱ,1.6,Ⅰ,-1,-,-1,-
2017/3/9 4:00,112,江苏扬州三江营,长江,夹江（南水北调取水口）,7.4,Ⅰ,8.34,Ⅰ,2.09,Ⅱ,-1,-,-1,-
2017/3/9 4:00,114,江西九江蛤蟆石,长江,鄱阳湖出口,6.89,Ⅰ,9.08,Ⅰ,3.05,Ⅱ,9999,-,0.21,Ⅱ
2017/3/9 4:00,125,湖北丹江口胡家岭,长江,丹江口水库（库体）,8.23,Ⅰ,11.4,Ⅰ,2.26,Ⅱ,9999,-,0.1,Ⅰ
2017/3/9 4:00,137,河南南阳陶岔,长江,南水北调中线取水口,7.76,Ⅰ,10.45,Ⅰ,-1,-,9999,-,0.05,Ⅰ
2017/3/9 8:00,118,四川泸州沱江二桥,长江,沱江（入长江前）,7.75,Ⅰ,8.16,Ⅰ,2.98,Ⅱ,9999,-,0.18,Ⅱ
2017/3/9 8:00,110,湖南长沙新港,长江,湘江（洞庭湖入口）,6.92,Ⅰ,7.19,Ⅱ,1.55,Ⅰ,-1,-,0.08,Ⅰ
2017/3/9 8:00,123,江西南昌滁槎,长江,赣江（鄱阳湖入口）,7.69,Ⅰ,9.88,Ⅰ,9.19,Ⅳ,7.66,-,2.36,劣Ⅴ
2017/3/9 8:00,107,湖南岳阳岳阳楼,长江,洞庭湖出口,7.38,Ⅰ,10.83,Ⅰ,-1,-,9999,-,0.19,Ⅱ
2017/3/9 8:00,5,重庆朱沱,长江,长江干流（川-渝省界）,7.43,Ⅰ,6.75,Ⅱ,1.96,Ⅰ,9999,-,0.19,Ⅱ
2017/3/9 8:00,125,湖北丹江口胡家岭,长江,丹江口水库（库体）,8.23,Ⅰ,11.31,Ⅰ,2.19,Ⅱ,9999,-,0.09,Ⅰ
2017/3/9 8:00,76,江西九江河西水厂,长江,长江干流（鄂-赣省界）,7.33,Ⅰ,7.45,Ⅱ,2.31,Ⅱ,9999,-,0.11,Ⅰ
2017/3/9 8:00,75,湖北宜昌南津关,长江,长江干流（三峡水库出口）,7.58,Ⅰ,9.08,Ⅰ,-1,-,9999,-,0.29,Ⅱ
2017/3/9 8:00,74,四川攀枝花龙洞,长江,长江干流,7.4,Ⅰ,8.48,Ⅰ,3.33,Ⅱ,9999,-,0.05,Ⅰ
2017/3/9 8:00,65,湖北武汉宗关,长江,汉江（入长江前）,7.96,Ⅰ,10.93,Ⅰ,1.96,Ⅰ,9999,-,0.14,Ⅰ
2017/3/9 8:00,184,湖南益阳万家嘴,长江,资水（入洞庭湖前）,8.18,Ⅰ,9.31,Ⅰ,3.43,Ⅱ,9999,-,0.48,Ⅱ
2017/3/9 8:00,137,河南南阳陶岔,长江,南水北调中线取水口,7.76,Ⅰ,10.45,Ⅰ,-1,-,9999,-,0.08,Ⅰ
2017/3/9 8:00,18,江苏南京林山,长江,长江干流（皖-苏省界）,8.09,Ⅰ,9.69,Ⅰ,2.55,Ⅱ,9999,-,0.18,Ⅱ
2017/3/9 8:00,158,四川广元清风峡,长江,嘉陵江（陕-川省界）,8.17,Ⅰ,9.86,Ⅰ,-1,-,-1,-,0.08,Ⅰ
2017/3/9 8:00,16,湖南岳阳城陵矶,长江,长江干流,7.43,Ⅰ,9.34,Ⅰ,1.98,Ⅰ,9999,-,0.24,Ⅱ
2017/3/9 8:00,173,湖南常德坡头,长江,沅江（入洞庭湖）,8.25,Ⅰ,13.02,Ⅰ,0.38,Ⅰ,9999,-,0.18,Ⅱ
2017/3/9 8:00,114,江西九江蛤蟆石,长江,鄱阳湖出口,6.91,Ⅰ,8.95,Ⅰ,2.38,Ⅱ,9999,-,0.22,Ⅱ
2017/3/9 8:00,112,江苏扬州三江营,长江,夹江（南水北调取水口）,7.58,Ⅰ,8.4,Ⅰ,2,Ⅰ,1.19,-,0.22,Ⅱ
2017/3/9 12:00,5,重庆朱沱,长江,长江干流（川-渝省界）,7.5,Ⅰ,7.05,Ⅱ,2,Ⅰ,9999,-,0.21,Ⅱ
2017/3/9 12:00,16,湖南岳阳城陵矶,长江,长江干流,7.43,Ⅰ,9.5,Ⅰ,2.19,Ⅱ,9999,-,0.25,Ⅱ
2017/3/9 12:00,18,江苏南京林山,长江,长江干流（皖-苏省界）,8.11,Ⅰ,9.82,Ⅰ,2.43,Ⅱ,9999,-,0.12,Ⅰ
2017/3/9 12:00,65,湖北武汉宗关,长江,汉江（入长江前）,7.97,Ⅰ,10.98,Ⅰ,2.6,Ⅱ,9999,-,0.12,Ⅰ
2017/3/9 12:00,74,四川攀枝花龙洞,长江,长江干流,7.63,Ⅰ,8.51,Ⅰ,3.31,Ⅱ,9999,-,0.04,Ⅰ
2017/3/9 12:00,76,江西九江河西水厂,长江,长江干流（鄂-赣省界）,7.32,Ⅰ,7.27,Ⅱ,2.28,Ⅱ,9999,-,0.11,Ⅰ
2017/3/9 12:00,110,湖南长沙新港,长江,湘江（洞庭湖入口）,6.87,Ⅰ,7.2,Ⅱ,1.58,Ⅰ,-1,-,0.11,Ⅰ
2017/3/9 12:00,112,江苏扬州三江营,长江,夹江（南水北调取水口）,7.36,Ⅰ,8.43,Ⅰ,2.07,Ⅱ,1.15,-,0.13,Ⅰ
2017/3/9 12:00,118,四川泸州沱江二桥,长江,沱江（入长江前）,7.77,Ⅰ,8.34,Ⅰ,2.99,Ⅱ,9999,-,0.14,Ⅰ
2017/3/9 12:00,123,江西南昌滁槎,长江,赣江（鄱阳湖入口）,7.68,Ⅰ,8.71,Ⅰ,8.65,Ⅳ,7.22,-,2.17,劣Ⅴ
2017/3/9 12:00,158,四川广元清风峡,长江,嘉陵江（陕-川省界）,8.18,Ⅰ,10.03,Ⅰ,-1,-,-1,-,0.09,Ⅰ
2017/3/9 12:00,184,湖南益阳万家嘴,长江,资水（入洞庭湖前）,7.74,Ⅰ,9.33,Ⅰ,3.78,Ⅱ,9999,-,0.51,Ⅲ
2017/3/9 13:00,137,河南南阳陶岔,长江,南水北调中线取水口,8.2,Ⅰ,11.28,Ⅰ,-1,-,9999,-,0.08,Ⅰ
2017/3/9 16:00,112,江苏扬州三江营,长江,夹江（南水北调取水口）,6.95,Ⅰ,8.13,Ⅰ,2.21,Ⅱ,-1,-,-1,-
2017/3/9 16:00,137,河南南阳陶岔,长江,南水北调中线取水口,8.29,Ⅰ,11.56,Ⅰ,-1,-,9999,-,0.08,Ⅰ
2017/3/9 20:00,112,江苏扬州三江营,长江,夹江（南水北调取水口）,6.91,Ⅰ,8.18,Ⅰ,1.94,Ⅰ,-1,-,-1,-
2017/3/9 20:00,137,河南南阳陶岔,长江,南水北调中线取水口,8.15,Ⅰ,11.25,Ⅰ,-1,-,9999,-,0.05,Ⅰ
2017/3/10 0:00,112,江苏扬州三江营,长江,夹江（南水北调取水口）,7.13,Ⅰ,8.19,Ⅰ,2.03,Ⅱ,-1,-,-1,-
2017/3/10 0:00,137,河南南阳陶岔,长江,南水北调中线取水口,8.14,Ⅰ,11.22,Ⅰ,-1,-,9999,-,0.1,Ⅰ
2017/3/10 4:00,112,江苏扬州三江营,长江,夹江（南水北调取水口）,7.31,Ⅰ,8.45,Ⅰ,2.21,Ⅱ,-1,-,-1,-
2017/3/10 4:00,137,河南南阳陶岔,长江,南水北调中线取水口,8.12,Ⅰ,11.18,Ⅰ,-1,-,9999,-,0.06,Ⅰ
2017/3/10 8:00,137,河南南阳陶岔,长江,南水北调中线取水口,8.08,Ⅰ,11.07,Ⅰ,-1,-,9999,-,0.03,Ⅰ
2017/3/10 8:00,112,江苏扬州三江营,长江,夹江（南水北调取水口）,8.23,Ⅰ,8.45,Ⅰ,2.14,Ⅱ,-1,-,-1,-
2017/3/10 12:00,18,江苏南京林山,长江,长江干流（皖-苏省界）,8.11,Ⅰ,9.76,Ⅰ,2.44,Ⅱ,9999,-,0.23,Ⅱ
2017/3/10 12:00,112,江苏扬州三江营,长江,夹江（南水北调取水口）,7.03,Ⅰ,8.14,Ⅰ,2.16,Ⅱ,-1,-,-1,-
2017/3/10 12:00,158,四川广元清风峡,长江,嘉陵江（陕-川省界）,8.15,Ⅰ,9.9,Ⅰ,-1,-,-1,-,-1,-
2017/3/10 12:00,74,四川攀枝花龙洞,长江,长江干流,8.35,Ⅰ,10.49,Ⅰ,3.25,Ⅱ,9999,-,0.04,Ⅰ
2017/3/10 12:00,5,重庆朱沱,长江,长江干流（川-渝省界）,7.5,Ⅰ,7.39,Ⅱ,1.96,Ⅰ,9999,-,0.18,Ⅱ
2017/3/10 12:00,184,湖南益阳万家嘴,长江,资水（入洞庭湖前）,7.82,Ⅰ,9.7,Ⅰ,3.86,Ⅱ,9999,-,0.53,Ⅲ
2017/3/10 12:00,137,河南南阳陶岔,长江,南水北调中线取水口,8.17,Ⅰ,11.37,Ⅰ,-1,-,9999,-,0.05,Ⅰ
2017/3/10 12:00,76,江西九江河西水厂,长江,长江干流（鄂-赣省界）,7.28,Ⅰ,7.22,Ⅱ,2.42,Ⅱ,9999,-,0.11,Ⅰ
2017/3/10 12:00,16,湖南岳阳城陵矶,长江,长江干流,7.44,Ⅰ,9.4,Ⅰ,2.18,Ⅱ,9999,-,0.27,Ⅱ
2017/3/10 12:00,123,江西南昌滁槎,长江,赣江（鄱阳湖入口）,7.6,Ⅰ,8.19,Ⅰ,6.57,Ⅳ,5.48,-,1.14,Ⅳ
2017/3/10 12:00,110,湖南长沙新港,长江,湘江（洞庭湖入口）,6.88,Ⅰ,6.82,Ⅱ,1.74,Ⅰ,-1,-,0.1,Ⅰ
2017/3/10 12:00,173,湖南常德坡头,长江,沅江（入洞庭湖）,8.36,Ⅰ,12.7,Ⅰ,0.2,Ⅰ,9999,-,-1,-
2017/3/10 12:00,118,四川泸州沱江二桥,长江,沱江（入长江前）,7.76,Ⅰ,8.21,Ⅰ,2.93,Ⅱ,9999,-,0.11,Ⅰ
2017/3/10 12:00,65,湖北武汉宗关,长江,汉江（入长江前）,7.97,Ⅰ,10.91,Ⅰ,1.73,Ⅰ,9999,-,0.13,Ⅰ
2017/3/10 16:00,112,江苏扬州三江营,长江,夹江（南水北调取水口）,6.53,Ⅰ,7.91,Ⅰ,2.3,Ⅱ,-1,-,-1,-
2017/3/10 16:00,74,四川攀枝花龙洞,长江,长江干流,7.47,Ⅰ,11.48,Ⅰ,3.61,Ⅱ,9999,-,0.04,Ⅰ
2017/3/10 16:00,118,四川泸州沱江二桥,长江,沱江（入长江前）,7.82,Ⅰ,8.75,Ⅰ,2.82,Ⅱ,9999,-,0.12,Ⅰ
2017/3/10 16:00,107,湖南岳阳岳阳楼,长江,洞庭湖出口,7.39,Ⅰ,10.6,Ⅰ,-1,-,9999,-,0.15,Ⅰ
2017/3/10 16:00,114,江西九江蛤蟆石,长江,鄱阳湖出口,6.85,Ⅰ,8.59,Ⅰ,2.19,Ⅱ,9999,-,0.21,Ⅱ
2017/3/10 16:00,137,河南南阳陶岔,长江,南水北调中线取水口,8.2,Ⅰ,11.24,Ⅰ,-1,-,9999,-,0.05,Ⅰ
2017/3/10 16:00,5,重庆朱沱,长江,长江干流（川-渝省界）,7.47,Ⅰ,7.05,Ⅱ,1.93,Ⅰ,9999,-,0.19,Ⅱ
2017/3/10 16:00,75,湖北宜昌南津关,长江,长江干流（三峡水库出口）,7.48,Ⅰ,8.92,Ⅰ,1.73,Ⅰ,9999,-,0.27,Ⅱ
2017/3/10 16:00,125,湖北丹江口胡家岭,长江,丹江口水库（库体）,8.19,Ⅰ,10.85,Ⅰ,2.31,Ⅱ,9999,-,0.11,Ⅰ
2017/3/10 20:00,74,四川攀枝花龙洞,长江,长江干流,6.59,Ⅰ,9.34,Ⅰ,3.42,Ⅱ,9999,-,-1,-
2017/3/10 20:00,5,重庆朱沱,长江,长江干流（川-渝省界）,7.36,Ⅰ,6.6,Ⅱ,2.06,Ⅱ,9999,-,0.17,Ⅱ
2017/3/10 20:00,65,湖北武汉宗关,长江,汉江（入长江前）,7.93,Ⅰ,10.5,Ⅰ,1.89,Ⅰ,9999,-,0.14,Ⅰ
2017/3/10 20:00,75,湖北宜昌南津关,长江,长江干流（三峡水库出口）,7.52,Ⅰ,8.95,Ⅰ,1.71,Ⅰ,9999,-,0.29,Ⅱ
2017/3/10 20:00,76,江西九江河西水厂,长江,长江干流（鄂-赣省界）,7.3,Ⅰ,7.14,Ⅱ,2.35,Ⅱ,9999,-,0.12,Ⅰ
2017/3/10 20:00,110,湖南长沙新港,长江,湘江（洞庭湖入口）,6.87,Ⅰ,6.6,Ⅱ,1.79,Ⅰ,-1,-,-1,-
2017/3/10 20:00,112,江苏扬州三江营,长江,夹江（南水北调取水口）,6.76,Ⅰ,7.92,Ⅰ,1.92,Ⅰ,-1,-,-1,-
2017/3/10 20:00,118,四川泸州沱江二桥,长江,沱江（入长江前）,7.77,Ⅰ,8.21,Ⅰ,2.91,Ⅱ,9999,-,0.14,Ⅰ
2017/3/10 20:00,123,江西南昌滁槎,长江,赣江（鄱阳湖入口）,7.79,Ⅰ,10.29,Ⅰ,5.76,Ⅲ,4.8,-,1.25,Ⅳ
2017/3/10 20:00,137,河南南阳陶岔,长江,南水北调中线取水口,8.14,Ⅰ,10.97,Ⅰ,-1,-,9999,-,0.08,Ⅰ
2017/3/10 20:00,158,四川广元清风峡,长江,嘉陵江（陕-川省界）,8.15,Ⅰ,9.8,Ⅰ,-1,-,-1,-,-1,-
2017/3/10 20:00,173,湖南常德坡头,长江,沅江（入洞庭湖）,8.39,Ⅰ,12.8,Ⅰ,-1,-,9999,-,0.02,Ⅰ
2017/3/10 20:00,184,湖南益阳万家嘴,长江,资水（入洞庭湖前）,7.77,Ⅰ,9.26,Ⅰ,3.69,Ⅱ,9999,-,0.53,Ⅲ
2017/3/11 0:00,137,河南南阳陶岔,长江,南水北调中线取水口,8.13,Ⅰ,11.1,Ⅰ,-1,-,9999,-,0.08,Ⅰ
2017/3/11 0:00,112,江苏扬州三江营,长江,夹江（南水北调取水口）,6.85,Ⅰ,8.04,Ⅰ,1.93,Ⅰ,-1,-,-1,-
2017/3/11 4:00,137,河南南阳陶岔,长江,南水北调中线取水口,8.15,Ⅰ,11.15,Ⅰ,-1,-,9999,-,0.04,Ⅰ
2017/3/11 4:00,112,江苏扬州三江营,长江,夹江（南水北调取水口）,6.95,Ⅰ,8.03,Ⅰ,2.2,Ⅱ,-1,-,-1,-
2017/3/11 8:00,125,湖北丹江口胡家岭,长江,丹江口水库（库体）,8.18,Ⅰ,10.87,Ⅰ,2.21,Ⅱ,9999,-,0.11,Ⅰ
2017/3/11 8:00,75,湖北宜昌南津关,长江,长江干流（三峡水库出口）,7.53,Ⅰ,9.04,Ⅰ,1.71,Ⅰ,9999,-,0.27,Ⅱ
2017/3/11 8:00,74,四川攀枝花龙洞,长江,长江干流,7.08,Ⅰ,8.14,Ⅰ,3.25,Ⅱ,9999,-,-1,-
2017/3/11 8:00,184,湖南益阳万家嘴,长江,资水（入洞庭湖前）,7.66,Ⅰ,9.03,Ⅰ,3.65,Ⅱ,9999,-,0.67,Ⅲ
2017/3/11 8:00,137,河南南阳陶岔,长江,南水北调中线取水口,8.17,Ⅰ,11.08,Ⅰ,-1,-,9999,-,0.05,Ⅰ
2017/3/11 8:00,65,湖北武汉宗关,长江,汉江（入长江前）,7.93,Ⅰ,10.66,Ⅰ,1.78,Ⅰ,9999,-,0.14,Ⅰ
2017/3/11 8:00,5,重庆朱沱,长江,长江干流（川-渝省界）,7.5,Ⅰ,7.29,Ⅱ,1.94,Ⅰ,9999,-,0.19,Ⅱ
2017/3/11 8:00,114,江西九江蛤蟆石,长江,鄱阳湖出口,6.85,Ⅰ,8.43,Ⅰ,2.47,Ⅱ,9999,-,0.2,Ⅱ
2017/3/11 8:00,118,四川泸州沱江二桥,长江,沱江（入长江前）,7.73,Ⅰ,7.88,Ⅰ,2.78,Ⅱ,9999,-,0.16,Ⅱ
2017/3/11 8:00,18,江苏南京林山,长江,长江干流（皖-苏省界）,8.04,Ⅰ,9.71,Ⅰ,2.13,Ⅱ,9999,-,0.18,Ⅱ
2017/3/11 8:00,123,江西南昌滁槎,长江,赣江（鄱阳湖入口）,7.73,Ⅰ,10.36,Ⅰ,5.24,Ⅲ,4.37,-,1.42,Ⅳ
2017/3/11 8:00,76,江西九江河西水厂,长江,长江干流（鄂-赣省界）,7.28,Ⅰ,7.25,Ⅱ,2.39,Ⅱ,9999,-,0.12,Ⅰ
2017/3/11 8:00,107,湖南岳阳岳阳楼,长江,洞庭湖出口,7.34,Ⅰ,10.37,Ⅰ,-1,-,9999,-,0.16,Ⅱ
2017/3/11 8:00,158,四川广元清风峡,长江,嘉陵江（陕-川省界）,8.13,Ⅰ,9.73,Ⅰ,-1,-,-1,-,-1,-
2017/3/11 9:00,112,江苏扬州三江营,长江,夹江（南水北调取水口）,7.58,Ⅰ,8.29,Ⅰ,2.01,Ⅱ,1.14,-,0.11,Ⅰ
2017/3/11 12:00,123,江西南昌滁槎,长江,赣江（鄱阳湖入口）,7.61,Ⅰ,8.54,Ⅰ,4.59,Ⅲ,3.83,-,1.45,Ⅳ
2017/3/11 12:00,125,湖北丹江口胡家岭,长江,丹江口水库（库体）,8.19,Ⅰ,10.88,Ⅰ,2.44,Ⅱ,9999,-,0.12,Ⅰ
2017/3/11 12:00,18,江苏南京林山,长江,长江干流（皖-苏省界）,8.07,Ⅰ,9.78,Ⅰ,2.19,Ⅱ,9999,-,0.14,Ⅰ
2017/3/11 12:00,65,湖北武汉宗关,长江,汉江（入长江前）,7.94,Ⅰ,10.71,Ⅰ,2.46,Ⅱ,9999,-,0.14,Ⅰ
2017/3/11 12:00,74,四川攀枝花龙洞,长江,长江干流,8.01,Ⅰ,9.36,Ⅰ,3.41,Ⅱ,9999,-,0.03,Ⅰ
2017/3/11 12:00,75,湖北宜昌南津关,长江,长江干流（三峡水库出口）,7.48,Ⅰ,8.94,Ⅰ,1.72,Ⅰ,9999,-,0.3,Ⅱ
2017/3/11 12:00,76,江西九江河西水厂,长江,长江干流（鄂-赣省界）,7.29,Ⅰ,7.14,Ⅱ,2.44,Ⅱ,9999,-,0.09,Ⅰ
2017/3/11 12:00,107,湖南岳阳岳阳楼,长江,洞庭湖出口,7.35,Ⅰ,10.38,Ⅰ,-1,-,9999,-,0.14,Ⅰ
2017/3/11 12:00,110,湖南长沙新港,长江,湘江（洞庭湖入口）,6.84,Ⅰ,6.34,Ⅱ,1.88,Ⅰ,0.55,-,0.38,Ⅱ
2017/3/11 12:00,112,江苏扬州三江营,长江,夹江（南水北调取水口）,7.41,Ⅰ,8.07,Ⅰ,4.58,Ⅲ,-1,-,-1,-
2017/3/11 12:00,16,湖南岳阳城陵矶,长江,长江干流,7.37,Ⅰ,8.91,Ⅰ,2.13,Ⅱ,9999,-,0.22,Ⅱ
2017/3/11 12:00,5,重庆朱沱,长江,长江干流（川-渝省界）,7.52,Ⅰ,7.38,Ⅱ,1.99,Ⅰ,9999,-,0.2,Ⅱ
2017/3/11 12:00,184,湖南益阳万家嘴,长江,资水（入洞庭湖前）,7.69,Ⅰ,9.07,Ⅰ,3.74,Ⅱ,9999,-,0.67,Ⅲ
2017/3/11 12:00,173,湖南常德坡头,长江,沅江（入洞庭湖）,8.38,Ⅰ,12.77,Ⅰ,-1,-,9999,-,-1,-
2017/3/11 12:00,137,河南南阳陶岔,长江,南水北调中线取水口,8.26,Ⅰ,11.36,Ⅰ,-1,-,9999,-,0.07,Ⅰ
2017/3/11 12:00,114,江西九江蛤蟆石,长江,鄱阳湖出口,6.81,Ⅰ,8.21,Ⅰ,2.4,Ⅱ,9999,-,0.21,Ⅱ
2017/3/11 12:00,118,四川泸州沱江二桥,长江,沱江（入长江前）,7.77,Ⅰ,8.26,Ⅰ,2.91,Ⅱ,9999,-,0.12,Ⅰ
2017/3/11 16:00,184,湖南益阳万家嘴,长江,资水（入洞庭湖前）,7.72,Ⅰ,9.17,Ⅰ,3.45,Ⅱ,9999,-,0.54,Ⅲ
2017/3/11 16:00,112,江苏扬州三江营,长江,夹江（南水北调取水口）,7.27,Ⅰ,7.93,Ⅰ,2.36,Ⅱ,-1,-,-1,-
2017/3/11 16:00,137,河南南阳陶岔,长江,南水北调中线取水口,8.28,Ⅰ,11.32,Ⅰ,-1,-,9999,-,0.04,Ⅰ
2017/3/11 20:00,112,江苏扬州三江营,长江,夹江（南水北调取水口）,7.35,Ⅰ,7.83,Ⅰ,2.05,Ⅱ,-1,-,-1,-
2017/3/11 20:00,137,河南南阳陶岔,长江,南水北调中线取水口,8.19,Ⅰ,10.94,Ⅰ,-1,-,9999,-,0.04,Ⅰ
2017/3/12 0:00,112,江苏扬州三江营,长江,夹江（南水北调取水口）,7.44,Ⅰ,7.91,Ⅰ,1.87,Ⅰ,-1,-,-1,-
2017/3/12 0:00,137,河南南阳陶岔,长江,南水北调中线取水口,8.16,Ⅰ,11.01,Ⅰ,-1,-,9999,-,0.04,Ⅰ
2017/3/12 4:00,137,河南南阳陶岔,长江,南水北调中线取水口,8.15,Ⅰ,10.99,Ⅰ,-1,-,9999,-,0.06,Ⅰ
2017/3/12 4:00,112,江苏扬州三江营,长江,夹江（南水北调取水口）,7.43,Ⅰ,7.9,Ⅰ,2.1,Ⅱ,-1,-,-1,-
2017/3/12 8:00,112,江苏扬州三江营,长江,夹江（南水北调取水口）,7.52,Ⅰ,7.95,Ⅰ,1.99,Ⅰ,-1,-,-1,-
2017/3/12 8:00,137,河南南阳陶岔,长江,南水北调中线取水口,8.16,Ⅰ,11.07,Ⅰ,-1,-,9999,-,0.06,Ⅰ
2017/3/12 11:00,112,江苏扬州三江营,长江,夹江（南水北调取水口）,7.54,Ⅰ,8.16,Ⅰ,2.1,Ⅱ,1.16,-,0.14,Ⅰ
2017/3/12 12:00,74,四川攀枝花龙洞,长江,长江干流,7.85,Ⅰ,8.62,Ⅰ,2.47,Ⅱ,9999,-,0.1,Ⅰ
2017/3/12 12:00,16,湖南岳阳城陵矶,长江,长江干流,7.33,Ⅰ,8.85,Ⅰ,1.87,Ⅰ,9999,-,0.27,Ⅱ
2017/3/12 12:00,18,江苏南京林山,长江,长江干流（皖-苏省界）,8.11,Ⅰ,9.71,Ⅰ,2.49,Ⅱ,9999,-,0.18,Ⅱ
2017/3/12 12:00,65,湖北武汉宗关,长江,汉江（入长江前）,7.9,Ⅰ,10.52,Ⅰ,1.76,Ⅰ,9999,-,0.14,Ⅰ
2017/3/12 12:00,5,重庆朱沱,长江,长江干流（川-渝省界）,7.27,Ⅰ,6.9,Ⅱ,1.91,Ⅰ,9999,-,0.19,Ⅱ
2017/3/12 12:00,75,湖北宜昌南津关,长江,长江干流（三峡水库出口）,7.49,Ⅰ,8.93,Ⅰ,1.69,Ⅰ,9999,-,0.25,Ⅱ
2017/3/12 12:00,76,江西九江河西水厂,长江,长江干流（鄂-赣省界）,7.28,Ⅰ,6.95,Ⅱ,2.2,Ⅱ,9999,-,0.1,Ⅰ
2017/3/12 12:00,107,湖南岳阳岳阳楼,长江,洞庭湖出口,7.31,Ⅰ,10.04,Ⅰ,-1,-,9999,-,0.15,Ⅰ
2017/3/12 12:00,110,湖南长沙新港,长江,湘江（洞庭湖入口）,6.89,Ⅰ,7.1,Ⅱ,2.58,Ⅱ,-1,-,0.5,Ⅱ
2017/3/12 12:00,114,江西九江蛤蟆石,长江,鄱阳湖出口,6.74,Ⅰ,8.08,Ⅰ,2.44,Ⅱ,9999,-,0.21,Ⅱ
2017/3/12 12:00,118,四川泸州沱江二桥,长江,沱江（入长江前）,7.69,Ⅰ,7.75,Ⅰ,3.18,Ⅱ,9999,-,0.18,Ⅱ
2017/3/12 12:00,123,江西南昌滁槎,长江,赣江（鄱阳湖入口）,7.51,Ⅰ,9.07,Ⅰ,4.89,Ⅲ,4.07,-,1.73,Ⅴ
2017/3/12 12:00,125,湖北丹江口胡家岭,长江,丹江口水库（库体）,8.22,Ⅰ,11.08,Ⅰ,2.34,Ⅱ,9999,-,0.12,Ⅰ
2017/3/12 12:00,173,湖南常德坡头,长江,沅江（入洞庭湖）,8.37,Ⅰ,12.4,Ⅰ,-1,-,9999,-,-1,-
2017/3/12 12:00,184,湖南益阳万家嘴,长江,资水（入洞庭湖前）,7.9,Ⅰ,9.03,Ⅰ,3.32,Ⅱ,9999,-,0.5,Ⅱ
2017/3/12 16:00,137,河南南阳陶岔,长江,南水北调中线取水口,8.21,Ⅰ,11.05,Ⅰ,-1,-,9999,-,0.07,Ⅰ
2017/3/12 16:00,112,江苏扬州三江营,长江,夹江（南水北调取水口）,7.48,Ⅰ,8.14,Ⅰ,2.31,Ⅱ,-1,-,-1,-
2017/3/12 20:00,137,河南南阳陶岔,长江,南水北调中线取水口,8.18,Ⅰ,11.12,Ⅰ,-1,-,9999,-,0.06,Ⅰ
2017/3/12 20:00,112,江苏扬州三江营,长江,夹江（南水北调取水口）,7.52,Ⅰ,8.1,Ⅰ,2.02,Ⅱ,-1,-,-1,-
2017/3/13 0:00,112,江苏扬州三江营,长江,夹江（南水北调取水口）,7.52,Ⅰ,8.06,Ⅰ,2.05,Ⅱ,-1,-,-1,-
2017/3/13 0:00,137,河南南阳陶岔,长江,南水北调中线取水口,8.15,Ⅰ,11.13,Ⅰ,-1,-,9999,-,0.06,Ⅰ
2017/3/13 4:00,75,湖北宜昌南津关,长江,长江干流（三峡水库出口）,7.54,Ⅰ,8.98,Ⅰ,1.7,Ⅰ,9999,-,0.26,Ⅱ
2017/3/13 4:00,76,江西九江河西水厂,长江,长江干流（鄂-赣省界）,7.27,Ⅰ,7.21,Ⅱ,2.27,Ⅱ,9999,-,0.16,Ⅱ
2017/3/13 4:00,107,湖南岳阳岳阳楼,长江,洞庭湖出口,7.29,Ⅰ,9.96,Ⅰ,-1,-,9999,-,0.22,Ⅱ
2017/3/13 4:00,137,河南南阳陶岔,长江,南水北调中线取水口,8.15,Ⅰ,11.07,Ⅰ,-1,-,9999,-,0.07,Ⅰ
2017/3/13 4:00,110,湖南长沙新港,长江,湘江（洞庭湖入口）,6.92,Ⅰ,7.13,Ⅱ,2.29,Ⅱ,-1,-,0.44,Ⅱ
2017/3/13 4:00,5,重庆朱沱,长江,长江干流（川-渝省界）,7.21,Ⅰ,5.56,Ⅲ,1.81,Ⅰ,9999,-,0.22,Ⅱ
2017/3/13 4:00,112,江苏扬州三江营,长江,夹江（南水北调取水口）,7.59,Ⅰ,8.17,Ⅰ,1.74,Ⅰ,-1,-,-1,-
2017/3/13 4:00,114,江西九江蛤蟆石,长江,鄱阳湖出口,6.8,Ⅰ,8.03,Ⅰ,2.35,Ⅱ,9999,-,0.29,Ⅱ
2017/3/13 4:00,118,四川泸州沱江二桥,长江,沱江（入长江前）,7.67,Ⅰ,7.43,Ⅱ,3.22,Ⅱ,9999,-,0.23,Ⅱ
2017/3/13 4:00,173,湖南常德坡头,长江,沅江（入洞庭湖）,8.36,Ⅰ,12.54,Ⅰ,-1,-,9999,-,0.08,Ⅰ
2017/3/13 4:00,123,江西南昌滁槎,长江,赣江（鄱阳湖入口）,7.73,Ⅰ,10.73,Ⅰ,4.47,Ⅲ,3.72,-,1.85,Ⅴ
2017/3/13 4:00,16,湖南岳阳城陵矶,长江,长江干流,7.29,Ⅰ,8.74,Ⅰ,2.04,Ⅱ,9999,-,0.29,Ⅱ
2017/3/13 4:00,18,江苏南京林山,长江,长江干流（皖-苏省界）,8.07,Ⅰ,9.54,Ⅰ,2.44,Ⅱ,9999,-,0.13,Ⅰ
2017/3/13 4:00,125,湖北丹江口胡家岭,长江,丹江口水库（库体）,8.2,Ⅰ,11.02,Ⅰ,2.17,Ⅱ,9999,-,0.14,Ⅰ
2017/3/13 4:00,65,湖北武汉宗关,长江,汉江（入长江前）,7.89,Ⅰ,10.57,Ⅰ,1.61,Ⅰ,9999,-,0.13,Ⅰ
2017/3/13 4:00,74,四川攀枝花龙洞,长江,长江干流,6.72,Ⅰ,7.58,Ⅰ,2.3,Ⅱ,9999,-,0.11,Ⅰ
2017/3/13 8:00,118,四川泸州沱江二桥,长江,沱江（入长江前）,7.67,Ⅰ,7.49,Ⅱ,3.14,Ⅱ,9999,-,0.19,Ⅱ
2017/3/13 8:00,75,湖北宜昌南津关,长江,长江干流（三峡水库出口）,7.56,Ⅰ,8.98,Ⅰ,1.7,Ⅰ,9999,-,0.27,Ⅱ
2017/3/13 8:00,74,四川攀枝花龙洞,长江,长江干流,7.04,Ⅰ,8.43,Ⅰ,2.25,Ⅱ,9999,-,0.1,Ⅰ
2017/3/13 8:00,5,重庆朱沱,长江,长江干流（川-渝省界）,7.19,Ⅰ,5.31,Ⅲ,1.79,Ⅰ,9999,-,0.21,Ⅱ
2017/3/13 8:00,123,江西南昌滁槎,长江,赣江（鄱阳湖入口）,7.75,Ⅰ,10.82,Ⅰ,5.24,Ⅲ,4.37,-,1.85,Ⅴ
2017/3/13 8:00,65,湖北武汉宗关,长江,汉江（入长江前）,7.89,Ⅰ,10.59,Ⅰ,1.84,Ⅰ,9999,-,0.14,Ⅰ
2017/3/13 8:00,16,湖南岳阳城陵矶,长江,长江干流,7.29,Ⅰ,8.81,Ⅰ,2.17,Ⅱ,9999,-,0.31,Ⅱ
2017/3/13 8:00,110,湖南长沙新港,长江,湘江（洞庭湖入口）,6.93,Ⅰ,7.25,Ⅱ,2.61,Ⅱ,-1,-,0.53,Ⅲ
2017/3/13 8:00,107,湖南岳阳岳阳楼,长江,洞庭湖出口,7.29,Ⅰ,10.01,Ⅰ,-1,-,9999,-,0.19,Ⅱ
2017/3/13 8:00,76,江西九江河西水厂,长江,长江干流（鄂-赣省界）,7.25,Ⅰ,7.19,Ⅱ,2.77,Ⅱ,9999,-,0.16,Ⅱ
2017/3/13 8:00,173,湖南常德坡头,长江,沅江（入洞庭湖）,8.37,Ⅰ,12.65,Ⅰ,0.17,Ⅰ,9999,-,0.04,Ⅰ
2017/3/13 8:00,112,江苏扬州三江营,长江,夹江（南水北调取水口）,7.63,Ⅰ,8.27,Ⅰ,2.02,Ⅱ,-1,-,-1,-
2017/3/13 8:00,137,河南南阳陶岔,长江,南水北调中线取水口,8.14,Ⅰ,11.21,Ⅰ,-1,-,9999,-,0.08,Ⅰ
2017/3/13 8:00,125,湖北丹江口胡家岭,长江,丹江口水库（库体）,8.15,Ⅰ,10.98,Ⅰ,2.13,Ⅱ,9999,-,0.11,Ⅰ
2017/3/13 8:00,114,江西九江蛤蟆石,长江,鄱阳湖出口,6.81,Ⅰ,8.12,Ⅰ,2.33,Ⅱ,9999,-,0.3,Ⅱ
2017/3/13 8:00,184,湖南益阳万家嘴,长江,资水（入洞庭湖前）,7.63,Ⅰ,9.39,Ⅰ,3.8,Ⅱ,9999,-,0.52,Ⅲ
2017/3/13 8:00,18,江苏南京林山,长江,长江干流（皖-苏省界）,8.11,Ⅰ,9.69,Ⅰ,2.4,Ⅱ,9999,-,0.15,Ⅰ
2017/3/13 12:00,76,江西九江河西水厂,长江,长江干流（鄂-赣省界）,7.24,Ⅰ,7.25,Ⅱ,2.66,Ⅱ,9999,-,0.19,Ⅱ
2017/3/13 12:00,56,安徽安庆皖河口,长江,长江干流,7.66,Ⅰ,7.99,Ⅰ,2.66,Ⅱ,9999,-,0.26,Ⅱ
2017/3/13 12:00,65,湖北武汉宗关,长江,汉江（入长江前）,7.9,Ⅰ,10.65,Ⅰ,1.71,Ⅰ,9999,-,0.15,Ⅰ
2017/3/13 12:00,137,河南南阳陶岔,长江,南水北调中线取水口,8.17,Ⅰ,11.46,Ⅰ,-1,-,9999,-,0.08,Ⅰ
2017/3/13 12:00,112,江苏扬州三江营,长江,夹江（南水北调取水口）,7.67,Ⅰ,8.4,Ⅰ,2.05,Ⅱ,-1,-,-1,-
2017/3/13 12:00,123,江西南昌滁槎,长江,赣江（鄱阳湖入口）,7.58,Ⅰ,8.11,Ⅰ,5.08,Ⅲ,4.23,-,2.24,劣Ⅴ
2017/3/13 16:00,5,重庆朱沱,长江,长江干流（川-渝省界）,7.17,Ⅰ,5.38,Ⅲ,1.74,Ⅰ,9999,-,0.18,Ⅱ
2017/3/13 16:00,16,湖南岳阳城陵矶,长江,长江干流,7.28,Ⅰ,8.77,Ⅰ,1.99,Ⅰ,9999,-,0.29,Ⅱ
2017/3/13 16:00,18,江苏南京林山,长江,长江干流（皖-苏省界）,8.11,Ⅰ,9.69,Ⅰ,2.25,Ⅱ,9999,-,0.15,Ⅰ
2017/3/13 16:00,65,湖北武汉宗关,长江,汉江（入长江前）,7.9,Ⅰ,10.66,Ⅰ,2.27,Ⅱ,9999,-,0.16,Ⅱ
2017/3/13 16:00,74,四川攀枝花龙洞,长江,长江干流,7.57,Ⅰ,10.38,Ⅰ,2.52,Ⅱ,9999,-,0.09,Ⅰ
2017/3/13 16:00,75,湖北宜昌南津关,长江,长江干流（三峡水库出口）,7.63,Ⅰ,9.13,Ⅰ,1.68,Ⅰ,9999,-,0.29,Ⅱ
2017/3/13 16:00,76,江西九江河西水厂,长江,长江干流（鄂-赣省界）,7.24,Ⅰ,7.38,Ⅱ,2.53,Ⅱ,9999,-,0.15,Ⅰ
2017/3/13 16:00,107,湖南岳阳岳阳楼,长江,洞庭湖出口,7.26,Ⅰ,10.07,Ⅰ,-1,-,9999,-,0.19,Ⅱ
2017/3/13 16:00,112,江苏扬州三江营,长江,夹江（南水北调取水口）,7.7,Ⅰ,8.48,Ⅰ,2.21,Ⅱ,-1,-,-1,-
2017/3/13 16:00,114,江西九江蛤蟆石,长江,鄱阳湖出口,6.84,Ⅰ,8.37,Ⅰ,2.5,Ⅱ,9999,-,0.26,Ⅱ
2017/3/13 16:00,118,四川泸州沱江二桥,长江,沱江（入长江前）,7.71,Ⅰ,7.72,Ⅰ,3.1,Ⅱ,9999,-,0.14,Ⅰ
2017/3/13 16:00,123,江西南昌滁槎,长江,赣江（鄱阳湖入口）,7.59,Ⅰ,7.62,Ⅰ,4.68,Ⅲ,3.9,-,1.37,Ⅳ
2017/3/13 16:00,125,湖北丹江口胡家岭,长江,丹江口水库（库体）,8.13,Ⅰ,10.98,Ⅰ,2.24,Ⅱ,9999,-,0.11,Ⅰ
2017/3/13 16:00,137,河南南阳陶岔,长江,南水北调中线取水口,8.19,Ⅰ,11.43,Ⅰ,-1,-,9999,-,0.07,Ⅰ
2017/3/13 16:00,173,湖南常德坡头,长江,沅江（入洞庭湖）,8.41,Ⅰ,13.37,Ⅰ,0.17,Ⅰ,9999,-,0.05,Ⅰ
2017/3/13 16:00,184,湖南益阳万家嘴,长江,资水（入洞庭湖前）,7.71,Ⅰ,9.71,Ⅰ,3.71,Ⅱ,9999,-,0.55,Ⅲ
2017/3/13 20:00,137,河南南阳陶岔,长江,南水北调中线取水口,8.16,Ⅰ,11.43,Ⅰ,-1,-,9999,-,0.07,Ⅰ
2017/3/13 20:00,112,江苏扬州三江营,长江,夹江（南水北调取水口）,7.69,Ⅰ,8.46,Ⅰ,1.93,Ⅰ,-1,-,-1,-
2017/3/14 0:00,137,河南南阳陶岔,长江,南水北调中线取水口,8.14,Ⅰ,11.45,Ⅰ,-1,-,9999,-,0.06,Ⅰ
2017/3/14 0:00,112,江苏扬州三江营,长江,夹江（南水北调取水口）,7.68,Ⅰ,8.47,Ⅰ,1.81,Ⅰ,-1,-,-1,-
2017/3/14 4:00,137,河南南阳陶岔,长江,南水北调中线取水口,8.15,Ⅰ,11.5,Ⅰ,-1,-,9999,-,0.07,Ⅰ
2017/3/14 4:00,75,湖北宜昌南津关,长江,长江干流（三峡水库出口）,7.68,Ⅰ,9.2,Ⅰ,1.63,Ⅰ,9999,-,0.29,Ⅱ
2017/3/14 4:00,5,重庆朱沱,长江,长江干流（川-渝省界）,7.17,Ⅰ,5.23,Ⅲ,1.76,Ⅰ,9999,-,0.23,Ⅱ
2017/3/14 4:00,76,江西九江河西水厂,长江,长江干流（鄂-赣省界）,7.26,Ⅰ,7.71,Ⅰ,2.23,Ⅱ,9999,-,0.21,Ⅱ
2017/3/14 4:00,112,江苏扬州三江营,长江,夹江（南水北调取水口）,7.74,Ⅰ,8.5,Ⅰ,1.82,Ⅰ,-1,-,-1,-
2017/3/14 4:00,110,湖南长沙新港,长江,湘江（洞庭湖入口）,6.97,Ⅰ,7.51,Ⅰ,2.21,Ⅱ,-1,-,0.19,Ⅱ
2017/3/14 4:00,107,湖南岳阳岳阳楼,长江,洞庭湖出口,7.24,Ⅰ,10,Ⅰ,-1,-,9999,-,0.76,Ⅲ
2017/3/14 4:00,65,湖北武汉宗关,长江,汉江（入长江前）,7.89,Ⅰ,10.72,Ⅰ,2.47,Ⅱ,9999,-,0.18,Ⅱ
2017/3/14 4:00,114,江西九江蛤蟆石,长江,鄱阳湖出口,6.88,Ⅰ,9.02,Ⅰ,2.31,Ⅱ,9999,-,0.24,Ⅱ
2017/3/14 4:00,125,湖北丹江口胡家岭,长江,丹江口水库（库体）,8.1,Ⅰ,10.97,Ⅰ,2.09,Ⅱ,9999,-,0.11,Ⅰ
2017/3/14 8:00,75,湖北宜昌南津关,长江,长江干流（三峡水库出口）,7.7,Ⅰ,9.23,Ⅰ,1.6,Ⅰ,9999,-,0.3,Ⅱ
2017/3/14 8:00,18,江苏南京林山,长江,长江干流（皖-苏省界）,8.11,Ⅰ,9.67,Ⅰ,2.08,Ⅱ,9999,-,0.15,Ⅰ
2017/3/14 8:00,76,江西九江河西水厂,长江,长江干流（鄂-赣省界）,7.27,Ⅰ,7.77,Ⅰ,2.97,Ⅱ,9999,-,0.19,Ⅱ
2017/3/14 8:00,173,湖南常德坡头,长江,沅江（入洞庭湖）,8.38,Ⅰ,13.51,Ⅰ,0.19,Ⅰ,9999,-,0.18,Ⅱ
2017/3/14 8:00,107,湖南岳阳岳阳楼,长江,洞庭湖出口,7.25,Ⅰ,9.91,Ⅰ,-1,-,9999,-,0.14,Ⅰ
2017/3/14 8:00,110,湖南长沙新港,长江,湘江（洞庭湖入口）,6.95,Ⅰ,7.48,Ⅱ,2.22,Ⅱ,-1,-,0.55,Ⅲ
2017/3/14 8:00,16,湖南岳阳城陵矶,长江,长江干流,7.27,Ⅰ,9.21,Ⅰ,2.3,Ⅱ,9999,-,0.21,Ⅱ
2017/3/14 8:00,112,江苏扬州三江营,长江,夹江（南水北调取水口）,7.76,Ⅰ,8.58,Ⅰ,1.8,Ⅰ,-1,-,-1,-
2017/3/14 8:00,114,江西九江蛤蟆石,长江,鄱阳湖出口,6.99,Ⅰ,9.09,Ⅰ,2.4,Ⅱ,9999,-,0.23,Ⅱ
2017/3/14 8:00,118,四川泸州沱江二桥,长江,沱江（入长江前）,7.69,Ⅰ,7.62,Ⅰ,2.88,Ⅱ,9999,-,0.16,Ⅱ
2017/3/14 8:00,5,重庆朱沱,长江,长江干流（川-渝省界）,7.17,Ⅰ,5.01,Ⅲ,1.76,Ⅰ,9999,-,0.23,Ⅱ
2017/3/14 8:00,137,河南南阳陶岔,长江,南水北调中线取水口,8.16,Ⅰ,11.53,Ⅰ,-1,-,9999,-,0.06,Ⅰ
2017/3/14 8:00,123,江西南昌滁槎,长江,赣江（鄱阳湖入口）,7.74,Ⅰ,11.43,Ⅰ,-1,-,11.9,-,1.42,Ⅳ
2017/3/14 8:00,184,湖南益阳万家嘴,长江,资水（入洞庭湖前）,9.15,劣Ⅴ,9.37,Ⅰ,3.91,Ⅱ,9999,-,4,劣Ⅴ
2017/3/14 8:00,65,湖北武汉宗关,长江,汉江（入长江前）,7.89,Ⅰ,10.73,Ⅰ,2.39,Ⅱ,9999,-,0.17,Ⅱ
2017/3/14 8:00,74,四川攀枝花龙洞,长江,长江干流,7.1,Ⅰ,8.67,Ⅰ,2.2,Ⅱ,9999,-,0.13,Ⅰ
2017/3/14 8:00,125,湖北丹江口胡家岭,长江,丹江口水库（库体）,8.05,Ⅰ,10.83,Ⅰ,1.94,Ⅰ,9999,-,0.1,Ⅰ
2017/3/14 12:00,18,江苏南京林山,长江,长江干流（皖-苏省界）,8.14,Ⅰ,9.64,Ⅰ,1.94,Ⅰ,9999,-,0.17,Ⅱ
2017/3/14 12:00,184,湖南益阳万家嘴,长江,资水（入洞庭湖前）,9.64,劣Ⅴ,9.35,Ⅰ,4.03,Ⅲ,9999,-,1.12,Ⅳ
2017/3/14 12:00,114,江西九江蛤蟆石,长江,鄱阳湖出口,6.92,Ⅰ,9.05,Ⅰ,2.48,Ⅱ,9999,-,0.25,Ⅱ
2017/3/14 12:00,118,四川泸州沱江二桥,长江,沱江（入长江前）,7.71,Ⅰ,7.73,Ⅰ,2.96,Ⅱ,9999,-,0.16,Ⅱ
2017/3/14 12:00,5,重庆朱沱,长江,长江干流（川-渝省界）,7.18,Ⅰ,4.59,Ⅳ,1.76,Ⅰ,9999,-,0.22,Ⅱ
2017/3/14 12:00,65,湖北武汉宗关,长江,汉江（入长江前）,7.88,Ⅰ,10.78,Ⅰ,2.43,Ⅱ,9999,-,0.14,Ⅰ
2017/3/14 12:00,125,湖北丹江口胡家岭,长江,丹江口水库（库体）,8.02,Ⅰ,10.64,Ⅰ,1.94,Ⅰ,9999,-,0.1,Ⅰ
2017/3/14 12:00,16,湖南岳阳城陵矶,长江,长江干流,7.28,Ⅰ,8.98,Ⅰ,2.35,Ⅱ,9999,-,0.22,Ⅱ
2017/3/14 12:00,75,湖北宜昌南津关,长江,长江干流（三峡水库出口）,7.7,Ⅰ,9.28,Ⅰ,1.6,Ⅰ,9999,-,0.3,Ⅱ
2017/3/14 12:00,137,河南南阳陶岔,长江,南水北调中线取水口,8.25,Ⅰ,11.92,Ⅰ,-1,-,9999,-,0.08,Ⅰ
2017/3/14 12:00,76,江西九江河西水厂,长江,长江干流（鄂-赣省界）,7.31,Ⅰ,7.84,Ⅰ,2.44,Ⅱ,9999,-,0.15,Ⅰ
2017/3/14 12:00,173,湖南常德坡头,长江,沅江（入洞庭湖）,7.82,Ⅰ,11.66,Ⅰ,-1,-,9999,-,-1,-
2017/3/14 12:00,107,湖南岳阳岳阳楼,长江,洞庭湖出口,7.27,Ⅰ,9.89,Ⅰ,-1,-,9999,-,0.18,Ⅱ
2017/3/14 12:00,110,湖南长沙新港,长江,湘江（洞庭湖入口）,6.95,Ⅰ,7.51,Ⅰ,4.84,Ⅲ,0.54,-,0.41,Ⅱ
2017/3/14 12:00,74,四川攀枝花龙洞,长江,长江干流,8.15,Ⅰ,10,Ⅰ,2.45,Ⅱ,9999,-,0.09,Ⅰ
2017/3/14 12:00,112,江苏扬州三江营,长江,夹江（南水北调取水口）,7.76,Ⅰ,8.57,Ⅰ,1.82,Ⅰ,-1,-,-1,-
2017/3/14 15:00,123,江西南昌滁槎,长江,赣江（鄱阳湖入口）,7.11,Ⅰ,7.57,Ⅰ,6.85,Ⅳ,5.71,-,0.91,Ⅲ
2017/3/14 15:00,173,湖南常德坡头,长江,沅江（入洞庭湖）,7.91,Ⅰ,12.35,Ⅰ,0.19,Ⅰ,9999,-,-1,-
2017/3/14 16:00,65,湖北武汉宗关,长江,汉江（入长江前）,7.89,Ⅰ,10.8,Ⅰ,1.98,Ⅰ,9999,-,0.23,Ⅱ
2017/3/14 16:00,112,江苏扬州三江营,长江,夹江（南水北调取水口）,7.53,Ⅰ,8.37,Ⅰ,2.02,Ⅱ,-1,-,-1,-
2017/3/14 16:00,118,四川泸州沱江二桥,长江,沱江（入长江前）,7.74,Ⅰ,8.05,Ⅰ,2.89,Ⅱ,9999,-,0.19,Ⅱ
2017/3/14 16:00,16,湖南岳阳城陵矶,长江,长江干流,7.26,Ⅰ,8.71,Ⅰ,2.37,Ⅱ,9999,-,0.2,Ⅱ
2017/3/14 16:00,74,四川攀枝花龙洞,长江,长江干流,7.27,Ⅰ,10.54,Ⅰ,2.55,Ⅱ,9999,-,0.08,Ⅰ
2017/3/14 16:00,76,江西九江河西水厂,长江,长江干流（鄂-赣省界）,7.38,Ⅰ,7.78,Ⅰ,2.34,Ⅱ,9999,-,0.15,Ⅰ
2017/3/14 16:00,5,重庆朱沱,长江,长江干流（川-渝省界）,7.18,Ⅰ,4.63,Ⅳ,1.76,Ⅰ,9999,-,0.22,Ⅱ
2017/3/14 16:00,18,江苏南京林山,长江,长江干流（皖-苏省界）,8.16,Ⅰ,9.53,Ⅰ,2.37,Ⅱ,9999,-,0.13,Ⅰ
2017/3/14 16:00,137,河南南阳陶岔,长江,南水北调中线取水口,8.27,Ⅰ,11.78,Ⅰ,-1,-,9999,-,0.05,Ⅰ
2017/3/14 16:00,184,湖南益阳万家嘴,长江,资水（入洞庭湖前）,9.38,劣Ⅴ,9.8,Ⅰ,3.69,Ⅱ,9999,-,0.62,Ⅲ
2017/3/14 16:00,110,湖南长沙新港,长江,湘江（洞庭湖入口）,7.04,Ⅰ,7.41,Ⅱ,2.16,Ⅱ,0.39,-,0.31,Ⅱ
2017/3/14 20:00,112,江苏扬州三江营,长江,夹江（南水北调取水口）,7.6,Ⅰ,8.33,Ⅰ,1.88,Ⅰ,-1,-,-1,-
2017/3/14 20:00,137,河南南阳陶岔,长江,南水北调中线取水口,8.18,Ⅰ,11.36,Ⅰ,-1,-,9999,-,0.07,Ⅰ
2017/3/15 0:00,112,江苏扬州三江营,长江,夹江（南水北调取水口）,7.64,Ⅰ,8.31,Ⅰ,1.62,Ⅰ,-1,-,-1,-
2017/3/15 0:00,137,河南南阳陶岔,长江,南水北调中线取水口,8.14,Ⅰ,11.38,Ⅰ,-1,-,9999,-,0.06,Ⅰ
2017/3/15 4:00,110,湖南长沙新港,长江,湘江（洞庭湖入口）,6.95,Ⅰ,7.35,Ⅱ,2.08,Ⅱ,-1,-,0.23,Ⅱ
2017/3/15 4:00,65,湖北武汉宗关,长江,汉江（入长江前）,7.9,Ⅰ,10.74,Ⅰ,2.05,Ⅱ,9999,-,0.2,Ⅱ
2017/3/15 4:00,137,河南南阳陶岔,长江,南水北调中线取水口,8.14,Ⅰ,11.33,Ⅰ,-1,-,9999,-,0.07,Ⅰ
2017/3/15 4:00,173,湖南常德坡头,长江,沅江（入洞庭湖）,-1,-,-1,-,0.21,Ⅰ,9999,-,0.13,Ⅰ
2017/3/15 4:00,184,湖南益阳万家嘴,长江,资水（入洞庭湖前）,8.17,Ⅰ,9.87,Ⅰ,3.6,Ⅱ,9999,-,0.65,Ⅲ
2017/3/15 4:00,74,四川攀枝花龙洞,长江,长江干流,6.63,Ⅰ,7.16,Ⅱ,-1,-,9999,-,0.11,Ⅰ
2017/3/15 4:00,75,湖北宜昌南津关,长江,长江干流（三峡水库出口）,7.7,Ⅰ,9.23,Ⅰ,-1,-,9999,-,0.3,Ⅱ
2017/3/15 4:00,76,江西九江河西水厂,长江,长江干流（鄂-赣省界）,7.4,Ⅰ,7.81,Ⅰ,2.06,Ⅱ,9999,-,0.14,Ⅰ
2017/3/15 4:00,16,湖南岳阳城陵矶,长江,长江干流,7.27,Ⅰ,9,Ⅰ,2.22,Ⅱ,9999,-,0.23,Ⅱ
2017/3/15 4:00,107,湖南岳阳岳阳楼,长江,洞庭湖出口,7.37,Ⅰ,9.91,Ⅰ,-1,-,9999,-,0.17,Ⅱ
2017/3/15 4:00,5,重庆朱沱,长江,长江干流（川-渝省界）,7.19,Ⅰ,4.74,Ⅳ,1.91,Ⅰ,9999,-,0.25,Ⅱ
2017/3/15 4:00,125,湖北丹江口胡家岭,长江,丹江口水库（库体）,8.05,Ⅰ,10.68,Ⅰ,2.36,Ⅱ,9999,-,0.1,Ⅰ
2017/3/15 4:00,112,江苏扬州三江营,长江,夹江（南水北调取水口）,7.69,Ⅰ,8.38,Ⅰ,1.84,Ⅰ,-1,-,-1,-
2017/3/15 4:00,114,江西九江蛤蟆石,长江,鄱阳湖出口,6.88,Ⅰ,9.24,Ⅰ,2.29,Ⅱ,9999,-,0.23,Ⅱ
2017/3/15 4:00,18,江苏南京林山,长江,长江干流（皖-苏省界）,8.1,Ⅰ,9.35,Ⅰ,2.13,Ⅱ,9999,-,0.15,Ⅰ
2017/3/15 4:00,118,四川泸州沱江二桥,长江,沱江（入长江前）,7.65,Ⅰ,7.3,Ⅱ,2.96,Ⅱ,9999,-,0.21,Ⅱ
2017/3/15 4:00,123,江西南昌滁槎,长江,赣江（鄱阳湖入口）,6.88,Ⅰ,7.29,Ⅱ,6.01,Ⅳ,5.01,-,0.65,Ⅲ
2017/3/15 8:00,184,湖南益阳万家嘴,长江,资水（入洞庭湖前）,9.36,劣Ⅴ,10.16,Ⅰ,3.97,Ⅱ,9999,-,0.84,Ⅲ
2017/3/15 8:00,5,重庆朱沱,长江,长江干流（川-渝省界）,7.19,Ⅰ,4.41,Ⅳ,1.91,Ⅰ,9999,-,0.23,Ⅱ
2017/3/15 8:00,16,湖南岳阳城陵矶,长江,长江干流,7.26,Ⅰ,8.99,Ⅰ,2.21,Ⅱ,9999,-,0.27,Ⅱ
2017/3/15 8:00,65,湖北武汉宗关,长江,汉江（入长江前）,7.91,Ⅰ,10.73,Ⅰ,1.85,Ⅰ,9999,-,0.22,Ⅱ
2017/3/15 8:00,74,四川攀枝花龙洞,长江,长江干流,6.99,Ⅰ,8.07,Ⅰ,2.03,Ⅱ,9999,-,0.09,Ⅰ
2017/3/15 8:00,75,湖北宜昌南津关,长江,长江干流（三峡水库出口）,7.7,Ⅰ,9.24,Ⅰ,-1,-,9999,-,0.3,Ⅱ
2017/3/15 8:00,76,江西九江河西水厂,长江,长江干流（鄂-赣省界）,7.38,Ⅰ,7.81,Ⅰ,2.27,Ⅱ,9999,-,0.13,Ⅰ
2017/3/15 8:00,107,湖南岳阳岳阳楼,长江,洞庭湖出口,7.36,Ⅰ,9.85,Ⅰ,-1,-,9999,-,0.15,Ⅰ
2017/3/15 8:00,110,湖南长沙新港,长江,湘江（洞庭湖入口）,6.95,Ⅰ,7.39,Ⅱ,2.1,Ⅱ,-1,-,0.23,Ⅱ
2017/3/15 8:00,112,江苏扬州三江营,长江,夹江（南水北调取水口）,7.69,Ⅰ,8.42,Ⅰ,1.99,Ⅰ,1.26,-,0.28,Ⅱ
2017/3/15 8:00,114,江西九江蛤蟆石,长江,鄱阳湖出口,6.88,Ⅰ,9.15,Ⅰ,2.36,Ⅱ,9999,-,0.25,Ⅱ
2017/3/15 8:00,118,四川泸州沱江二桥,长江,沱江（入长江前）,7.65,Ⅰ,7.33,Ⅱ,2.95,Ⅱ,9999,-,0.18,Ⅱ
2017/3/15 8:00,123,江西南昌滁槎,长江,赣江（鄱阳湖入口）,6.88,Ⅰ,7.14,Ⅱ,5.79,Ⅲ,4.83,-,0.62,Ⅲ
2017/3/15 8:00,125,湖北丹江口胡家岭,长江,丹江口水库（库体）,8.03,Ⅰ,10.75,Ⅰ,2.4,Ⅱ,9999,-,0.1,Ⅰ
2017/3/15 8:00,137,河南南阳陶岔,长江,南水北调中线取水口,8.14,Ⅰ,11.39,Ⅰ,-1,-,9999,-,0.06,Ⅰ
2017/3/15 8:00,173,湖南常德坡头,长江,沅江（入洞庭湖）,-1,-,-1,-,-1,-,9999,-,0.16,Ⅱ
2017/3/15 12:00,184,湖南益阳万家嘴,长江,资水（入洞庭湖前）,9.14,劣Ⅴ,10.13,Ⅰ,3.71,Ⅱ,9999,-,0.86,Ⅲ
2017/3/15 12:00,65,湖北武汉宗关,长江,汉江（入长江前）,7.91,Ⅰ,10.68,Ⅰ,2.48,Ⅱ,9999,-,0.21,Ⅱ
2017/3/15 12:00,76,江西九江河西水厂,长江,长江干流（鄂-赣省界）,7.37,Ⅰ,7.71,Ⅰ,2.15,Ⅱ,9999,-,0.14,Ⅰ
2017/3/15 12:00,110,湖南长沙新港,长江,湘江（洞庭湖入口）,6.94,Ⅰ,7.44,Ⅱ,2.31,Ⅱ,-1,-,0.26,Ⅱ
2017/3/15 12:00,118,四川泸州沱江二桥,长江,沱江（入长江前）,7.67,Ⅰ,7.51,Ⅰ,2.95,Ⅱ,9999,-,0.17,Ⅱ
2017/3/15 12:00,123,江西南昌滁槎,长江,赣江（鄱阳湖入口）,6.88,Ⅰ,7.39,Ⅱ,5.78,Ⅲ,4.82,-,0.6,Ⅲ
2017/3/15 12:00,137,河南南阳陶岔,长江,南水北调中线取水口,8.18,Ⅰ,11.53,Ⅰ,-1,-,9999,-,0.08,Ⅰ
2017/3/15 12:00,173,湖南常德坡头,长江,沅江（入洞庭湖）,-1,-,-1,-,0.3,Ⅰ,9999,-,0.15,Ⅰ
2017/3/15 12:00,5,重庆朱沱,长江,长江干流（川-渝省界）,7.89,Ⅰ,7.93,Ⅰ,2.06,Ⅱ,9999,-,0.23,Ⅱ
2017/3/15 13:00,112,江苏扬州三江营,长江,夹江（南水北调取水口）,7.62,Ⅰ,8.33,Ⅰ,1.87,Ⅰ,-1,-,-1,-
2017/3/15 16:00,112,江苏扬州三江营,长江,夹江（南水北调取水口）,7.59,Ⅰ,8.23,Ⅰ,1.81,Ⅰ,-1,-,-1,-
2017/3/15 16:00,137,河南南阳陶岔,长江,南水北调中线取水口,8.19,Ⅰ,11.59,Ⅰ,-1,-,9999,-,0.07,Ⅰ
2017/3/15 20:00,112,江苏扬州三江营,长江,夹江（南水北调取水口）,7.57,Ⅰ,8.07,Ⅰ,2.14,Ⅱ,-1,-,-1,-
2017/3/15 20:00,137,河南南阳陶岔,长江,南水北调中线取水口,8.15,Ⅰ,11.55,Ⅰ,-1,-,9999,-,0.06,Ⅰ
2017/3/16 0:00,137,河南南阳陶岔,长江,南水北调中线取水口,8.14,Ⅰ,11.54,Ⅰ,-1,-,9999,-,0.06,Ⅰ
2017/3/16 0:00,112,江苏扬州三江营,长江,夹江（南水北调取水口）,7.58,Ⅰ,8.12,Ⅰ,1.71,Ⅰ,-1,-,-1,-
2017/3/16 4:00,112,江苏扬州三江营,长江,夹江（南水北调取水口）,7.6,Ⅰ,8.16,Ⅰ,1.73,Ⅰ,-1,-,-1,-
2017/3/16 4:00,137,河南南阳陶岔,长江,南水北调中线取水口,8.13,Ⅰ,11.5,Ⅰ,-1,-,9999,-,0.08,Ⅰ
2017/3/16 8:00,167,贵州赤水鲢鱼溪,长江,赤水河（黔-川省界）,6.55,Ⅰ,8.45,Ⅰ,2.22,Ⅱ,9999,-,0.18,Ⅱ
2017/3/16 8:00,137,河南南阳陶岔,长江,南水北调中线取水口,8.15,Ⅰ,11.62,Ⅰ,-1,-,9999,-,0.07,Ⅰ
2017/3/16 8:00,112,江苏扬州三江营,长江,夹江（南水北调取水口）,7.59,Ⅰ,8.18,Ⅰ,1.84,Ⅰ,-1,-,-1,-
2017/3/16 11:00,107,湖南岳阳岳阳楼,长江,洞庭湖出口,7.29,Ⅰ,10.03,Ⅰ,-1,-,9999,-,0.17,Ⅱ
2017/3/16 12:00,76,江西九江河西水厂,长江,长江干流（鄂-赣省界）,7.35,Ⅰ,7.9,Ⅰ,2.21,Ⅱ,9999,-,0.13,Ⅰ
2017/3/16 12:00,173,湖南常德坡头,长江,沅江（入洞庭湖）,-1,-,-1,-,1.07,Ⅰ,9999,-,0.28,Ⅱ
2017/3/16 12:00,16,湖南岳阳城陵矶,长江,长江干流,7.21,Ⅰ,9.01,Ⅰ,2.43,Ⅱ,9999,-,0.33,Ⅱ
2017/3/16 12:00,167,贵州赤水鲢鱼溪,长江,赤水河（黔-川省界）,6.54,Ⅰ,8.48,Ⅰ,2.21,Ⅱ,9999,-,0.12,Ⅰ
2017/3/16 12:00,5,重庆朱沱,长江,长江干流（川-渝省界）,7.99,Ⅰ,8.12,Ⅰ,2,Ⅰ,9999,-,0.22,Ⅱ
2017/3/16 12:00,137,河南南阳陶岔,长江,南水北调中线取水口,8.25,Ⅰ,12.13,Ⅰ,-1,-,9999,-,0.06,Ⅰ
2017/3/16 12:00,125,湖北丹江口胡家岭,长江,丹江口水库（库体）,8.11,Ⅰ,10.77,Ⅰ,2.21,Ⅱ,9999,-,0.09,Ⅰ
2017/3/16 12:00,65,湖北武汉宗关,长江,汉江（入长江前）,7.92,Ⅰ,10.87,Ⅰ,1.6,Ⅰ,9999,-,0.18,Ⅱ
2017/3/16 12:00,184,湖南益阳万家嘴,长江,资水（入洞庭湖前）,7.79,Ⅰ,9.81,Ⅰ,2.24,Ⅱ,9999,-,7.28,劣Ⅴ
2017/3/16 12:00,123,江西南昌滁槎,长江,赣江（鄱阳湖入口）,6.91,Ⅰ,8.39,Ⅰ,5.05,Ⅲ,4.21,-,0.45,Ⅱ
2017/3/16 12:00,118,四川泸州沱江二桥,长江,沱江（入长江前）,7.65,Ⅰ,7.32,Ⅱ,3.1,Ⅱ,9999,-,0.25,Ⅱ
2017/3/16 12:00,74,四川攀枝花龙洞,长江,长江干流,7.99,Ⅰ,9.55,Ⅰ,2.63,Ⅱ,9999,-,0.11,Ⅰ
2017/3/16 12:00,114,江西九江蛤蟆石,长江,鄱阳湖出口,6.78,Ⅰ,8.57,Ⅰ,2.69,Ⅱ,9999,-,0.34,Ⅱ
2017/3/16 12:00,112,江苏扬州三江营,长江,夹江（南水北调取水口）,7.63,Ⅰ,8.17,Ⅰ,1.95,Ⅰ,-1,-,-1,-
2017/3/16 12:00,110,湖南长沙新港,长江,湘江（洞庭湖入口）,6.93,Ⅰ,7.42,Ⅱ,2.22,Ⅱ,-1,-,0.25,Ⅱ
2017/3/16 12:00,75,湖北宜昌南津关,长江,长江干流（三峡水库出口）,6.97,Ⅰ,8.6,Ⅰ,2.39,Ⅱ,9999,-,0.14,Ⅰ
2017/3/16 16:00,137,河南南阳陶岔,长江,南水北调中线取水口,8.26,Ⅰ,11.72,Ⅰ,-1,-,9999,-,0.06,Ⅰ
2017/3/16 16:00,5,重庆朱沱,长江,长江干流（川-渝省界）,7.97,Ⅰ,7.92,Ⅰ,1.97,Ⅰ,9999,-,0.26,Ⅱ
2017/3/16 16:00,65,湖北武汉宗关,长江,汉江（入长江前）,7.93,Ⅰ,10.87,Ⅰ,1.49,Ⅰ,9999,-,0.17,Ⅱ
2017/3/16 16:00,76,江西九江河西水厂,长江,长江干流（鄂-赣省界）,7.39,Ⅰ,7.96,Ⅰ,2.24,Ⅱ,9999,-,0.13,Ⅰ
2017/3/16 16:00,110,湖南长沙新港,长江,湘江（洞庭湖入口）,6.92,Ⅰ,7.38,Ⅱ,2.17,Ⅱ,0.37,-,0.24,Ⅱ
2017/3/16 16:00,112,江苏扬州三江营,长江,夹江（南水北调取水口）,7.45,Ⅰ,8,Ⅰ,1.72,Ⅰ,-1,-,-1,-
2017/3/16 16:00,123,江西南昌滁槎,长江,赣江（鄱阳湖入口）,6.95,Ⅰ,8.59,Ⅰ,5.68,Ⅲ,4.74,-,0.42,Ⅱ
2017/3/16 16:00,173,湖南常德坡头,长江,沅江（入洞庭湖）,-1,-,-1,-,0.95,Ⅰ,9999,-,0.24,Ⅱ
2017/3/16 20:00,112,江苏扬州三江营,长江,夹江（南水北调取水口）,7.5,Ⅰ,7.96,Ⅰ,1.8,Ⅰ,-1,-,-1,-
2017/3/16 20:00,137,河南南阳陶岔,长江,南水北调中线取水口,8.16,Ⅰ,11.26,Ⅰ,-1,-,9999,-,0.07,Ⅰ
2017/3/17 0:00,137,河南南阳陶岔,长江,南水北调中线取水口,8.13,Ⅰ,11.37,Ⅰ,-1,-,9999,-,0.05,Ⅰ
2017/3/17 0:00,112,江苏扬州三江营,长江,夹江（南水北调取水口）,7.55,Ⅰ,8.11,Ⅰ,1.97,Ⅰ,-1,-,-1,-
2017/3/17 4:00,114,江西九江蛤蟆石,长江,鄱阳湖出口,6.64,Ⅰ,8.7,Ⅰ,2.88,Ⅱ,9999,-,0.38,Ⅱ
2017/3/17 4:00,110,湖南长沙新港,长江,湘江（洞庭湖入口）,6.92,Ⅰ,7.28,Ⅱ,2.14,Ⅱ,-1,-,0.23,Ⅱ
2017/3/17 4:00,5,重庆朱沱,长江,长江干流（川-渝省界）,8.05,Ⅰ,8.14,Ⅰ,1.89,Ⅰ,9999,-,0.24,Ⅱ
2017/3/17 4:00,112,江苏扬州三江营,长江,夹江（南水北调取水口）,7.62,Ⅰ,8.13,Ⅰ,1.73,Ⅰ,-1,-,-1,-
2017/3/17 4:00,74,四川攀枝花龙洞,长江,长江干流,6.71,Ⅰ,7.39,Ⅱ,2.45,Ⅱ,9999,-,0.07,Ⅰ
2017/3/17 4:00,118,四川泸州沱江二桥,长江,沱江（入长江前）,7.63,Ⅰ,7.13,Ⅱ,3.09,Ⅱ,9999,-,0.28,Ⅱ
2017/3/17 4:00,119,四川乐山岷江大桥,长江,岷江（与大渡河汇合前）,6.92,Ⅰ,8.23,Ⅰ,5.8,Ⅲ,9999,-,0.86,Ⅲ
2017/3/17 4:00,65,湖北武汉宗关,长江,汉江（入长江前）,7.94,Ⅰ,10.8,Ⅰ,1.23,Ⅰ,9999,-,0.15,Ⅰ
2017/3/17 4:00,184,湖南益阳万家嘴,长江,资水（入洞庭湖前）,7.99,Ⅰ,9.24,Ⅰ,0.89,Ⅰ,9999,-,0.38,Ⅱ
2017/3/17 4:00,123,江西南昌滁槎,长江,赣江（鄱阳湖入口）,6.86,Ⅰ,7.98,Ⅰ,4.93,Ⅲ,4.1,-,0.43,Ⅱ
2017/3/17 4:00,125,湖北丹江口胡家岭,长江,丹江口水库（库体）,8.08,Ⅰ,10.81,Ⅰ,2.61,Ⅱ,9999,-,0.09,Ⅰ
2017/3/17 4:00,56,安徽安庆皖河口,长江,长江干流,7.68,Ⅰ,8.19,Ⅰ,2.58,Ⅱ,9999,-,0.19,Ⅱ
2017/3/17 4:00,137,河南南阳陶岔,长江,南水北调中线取水口,8.12,Ⅰ,11.25,Ⅰ,-1,-,9999,-,0.08,Ⅰ
2017/3/17 4:00,16,湖南岳阳城陵矶,长江,长江干流,7.16,Ⅰ,9.04,Ⅰ,-1,-,9999,-,0.32,Ⅱ
2017/3/17 4:00,167,贵州赤水鲢鱼溪,长江,赤水河（黔-川省界）,6.5,Ⅰ,8.32,Ⅰ,-1,-,9999,-,0.12,Ⅰ
2017/3/17 4:00,173,湖南常德坡头,长江,沅江（入洞庭湖）,-1,-,-1,-,1.74,Ⅰ,9999,-,0.19,Ⅱ
2017/3/17 4:00,175,湖南常德沙河口,长江,澧水（入洞庭湖）,7.79,Ⅰ,12.6,Ⅰ,1.25,Ⅰ,9999,-,-1,-
2017/3/17 4:00,76,江西九江河西水厂,长江,长江干流（鄂-赣省界）,7.39,Ⅰ,7.98,Ⅰ,2.05,Ⅱ,9999,-,0.12,Ⅰ
2017/3/17 4:00,75,湖北宜昌南津关,长江,长江干流（三峡水库出口）,7.59,Ⅰ,9.11,Ⅰ,2.29,Ⅱ,9999,-,0.25,Ⅱ
2017/3/17 8:00,184,湖南益阳万家嘴,长江,资水（入洞庭湖前）,7.99,Ⅰ,9.35,Ⅰ,0.87,Ⅰ,9999,-,0.38,Ⅱ
2017/3/17 8:00,16,湖南岳阳城陵矶,长江,长江干流,7.14,Ⅰ,8.97,Ⅰ,-1,-,9999,-,0.34,Ⅱ
2017/3/17 8:00,74,四川攀枝花龙洞,长江,长江干流,7.01,Ⅰ,8.17,Ⅰ,2.57,Ⅱ,9999,-,0.08,Ⅰ
2017/3/17 8:00,112,江苏扬州三江营,长江,夹江（南水北调取水口）,7.62,Ⅰ,8.16,Ⅰ,-1,-,-1,-,-1,-
2017/3/17 8:00,110,湖南长沙新港,长江,湘江（洞庭湖入口）,6.91,Ⅰ,7.23,Ⅱ,2.22,Ⅱ,-1,-,0.23,Ⅱ
2017/3/17 8:00,175,湖南常德沙河口,长江,澧水（入洞庭湖）,7.8,Ⅰ,12.66,Ⅰ,1.09,Ⅰ,9999,-,-1,-
2017/3/17 8:00,65,湖北武汉宗关,长江,汉江（入长江前）,7.93,Ⅰ,10.8,Ⅰ,1.46,Ⅰ,9999,-,0.2,Ⅱ
2017/3/17 8:00,75,湖北宜昌南津关,长江,长江干流（三峡水库出口）,7.6,Ⅰ,9.11,Ⅰ,2.27,Ⅱ,9999,-,0.26,Ⅱ
2017/3/17 8:00,118,四川泸州沱江二桥,长江,沱江（入长江前）,7.61,Ⅰ,6.99,Ⅱ,3.02,Ⅱ,9999,-,0.27,Ⅱ
2017/3/17 8:00,137,河南南阳陶岔,长江,南水北调中线取水口,8.14,Ⅰ,11.47,Ⅰ,-1,-,9999,-,0.05,Ⅰ
2017/3/17 8:00,119,四川乐山岷江大桥,长江,岷江（与大渡河汇合前）,6.89,Ⅰ,8.19,Ⅰ,1.87,Ⅰ,9999,-,0.86,Ⅲ
2017/3/17 8:00,173,湖南常德坡头,长江,沅江（入洞庭湖）,-1,-,-1,-,0.7,Ⅰ,9999,-,0.22,Ⅱ
2017/3/17 8:00,76,江西九江河西水厂,长江,长江干流（鄂-赣省界）,7.38,Ⅰ,7.86,Ⅰ,2.25,Ⅱ,9999,-,0.12,Ⅰ
2017/3/17 8:00,167,贵州赤水鲢鱼溪,长江,赤水河（黔-川省界）,6.48,Ⅰ,8.34,Ⅰ,-1,-,9999,-,0.12,Ⅰ
2017/3/17 8:00,123,江西南昌滁槎,长江,赣江（鄱阳湖入口）,6.84,Ⅰ,7.93,Ⅰ,4.49,Ⅲ,3.73,-,0.44,Ⅱ
2017/3/17 8:00,56,安徽安庆皖河口,长江,长江干流,7.69,Ⅰ,8.2,Ⅰ,2.59,Ⅱ,9999,-,0.21,Ⅱ
2017/3/17 8:00,5,重庆朱沱,长江,长江干流（川-渝省界）,8.06,Ⅰ,8.13,Ⅰ,1.91,Ⅰ,9999,-,0.23,Ⅱ
2017/3/17 8:00,125,湖北丹江口胡家岭,长江,丹江口水库（库体）,8.07,Ⅰ,10.82,Ⅰ,2.31,Ⅱ,9999,-,0.09,Ⅰ
2017/3/17 11:00,18,江苏南京林山,长江,长江干流（皖-苏省界）,8.16,Ⅰ,10.6,Ⅰ,2.27,Ⅱ,9999,-,0.19,Ⅱ
2017/3/17 12:00,114,江西九江蛤蟆石,长江,鄱阳湖出口,6.73,Ⅰ,8.56,Ⅰ,2.51,Ⅱ,9999,-,0.34,Ⅱ
2017/3/17 12:00,76,江西九江河西水厂,长江,长江干流（鄂-赣省界）,7.37,Ⅰ,7.89,Ⅰ,2.27,Ⅱ,9999,-,0.13,Ⅰ
2017/3/17 12:00,118,四川泸州沱江二桥,长江,沱江（入长江前）,7.61,Ⅰ,7.01,Ⅱ,3.24,Ⅱ,9999,-,0.29,Ⅱ
2017/3/17 12:00,112,江苏扬州三江营,长江,夹江（南水北调取水口）,7.65,Ⅰ,8.36,Ⅰ,1.63,Ⅰ,-1,-,-1,-
2017/3/17 12:00,110,湖南长沙新港,长江,湘江（洞庭湖入口）,6.93,Ⅰ,7.33,Ⅱ,2.42,Ⅱ,-1,-,0.21,Ⅱ
2017/3/17 12:00,175,湖南常德沙河口,长江,澧水（入洞庭湖）,7.79,Ⅰ,12.75,Ⅰ,1.19,Ⅰ,9999,-,0.62,Ⅲ
2017/3/17 12:00,5,重庆朱沱,长江,长江干流（川-渝省界）,8.05,Ⅰ,8.12,Ⅰ,1.92,Ⅰ,9999,-,0.23,Ⅱ
2017/3/17 12:00,173,湖南常德坡头,长江,沅江（入洞庭湖）,-1,-,-1,-,0.7,Ⅰ,9999,-,0.23,Ⅱ
2017/3/17 12:00,167,贵州赤水鲢鱼溪,长江,赤水河（黔-川省界）,6.46,Ⅰ,8.37,Ⅰ,-1,-,9999,-,0.12,Ⅰ
2017/3/17 12:00,56,安徽安庆皖河口,长江,长江干流,7.69,Ⅰ,8.23,Ⅰ,2.51,Ⅱ,9999,-,0.18,Ⅱ
2017/3/17 12:00,184,湖南益阳万家嘴,长江,资水（入洞庭湖前）,8.34,Ⅰ,9.85,Ⅰ,0.89,Ⅰ,9999,-,0.64,Ⅲ
2017/3/17 12:00,137,河南南阳陶岔,长江,南水北调中线取水口,8.16,Ⅰ,11.59,Ⅰ,-1,-,9999,-,0.05,Ⅰ
2017/3/17 12:00,65,湖北武汉宗关,长江,汉江（入长江前）,7.93,Ⅰ,10.83,Ⅰ,1.78,Ⅰ,9999,-,0.18,Ⅱ
2017/3/17 12:00,125,湖北丹江口胡家岭,长江,丹江口水库（库体）,8.11,Ⅰ,10.76,Ⅰ,2.68,Ⅱ,9999,-,0.1,Ⅰ
2017/3/17 12:00,123,江西南昌滁槎,长江,赣江（鄱阳湖入口）,6.83,Ⅰ,7.73,Ⅰ,5.01,Ⅲ,4.17,-,0.47,Ⅱ
2017/3/17 12:00,74,四川攀枝花龙洞,长江,长江干流,8.08,Ⅰ,9.51,Ⅰ,-1,-,9999,-,0.11,Ⅰ
2017/3/17 12:00,16,湖南岳阳城陵矶,长江,长江干流,7.11,Ⅰ,8.94,Ⅰ,-1,-,9999,-,0.35,Ⅱ
2017/3/17 12:00,119,四川乐山岷江大桥,长江,岷江（与大渡河汇合前）,6.88,Ⅰ,8.45,Ⅰ,2.25,Ⅱ,9999,-,0.8,Ⅲ
2017/3/17 12:00,75,湖北宜昌南津关,长江,长江干流（三峡水库出口）,7.62,Ⅰ,9.16,Ⅰ,2.23,Ⅱ,9999,-,0.28,Ⅱ
2017/3/17 16:00,74,四川攀枝花龙洞,长江,长江干流,7.14,Ⅰ,9.47,Ⅰ,2.56,Ⅱ,9999,-,0.04,Ⅰ
2017/3/17 16:00,137,河南南阳陶岔,长江,南水北调中线取水口,8.2,Ⅰ,11.58,Ⅰ,-1,-,9999,-,0.07,Ⅰ
2017/3/17 16:00,75,湖北宜昌南津关,长江,长江干流（三峡水库出口）,7.63,Ⅰ,9.18,Ⅰ,2.33,Ⅱ,9999,-,0.27,Ⅱ
2017/3/17 16:00,125,湖北丹江口胡家岭,长江,丹江口水库（库体）,8.04,Ⅰ,10.68,Ⅰ,2.81,Ⅱ,9999,-,0.11,Ⅰ
2017/3/17 16:00,5,重庆朱沱,长江,长江干流（川-渝省界）,8.33,Ⅰ,7.97,Ⅰ,2.11,Ⅱ,9999,-,0.28,Ⅱ
2017/3/17 16:00,112,江苏扬州三江营,长江,夹江（南水北调取水口）,7.6,Ⅰ,8.14,Ⅰ,2.09,Ⅱ,-1,-,-1,-
2017/3/17 16:00,119,四川乐山岷江大桥,长江,岷江（与大渡河汇合前）,6.93,Ⅰ,8.77,Ⅰ,2.93,Ⅱ,9999,-,0.91,Ⅲ
2017/3/17 16:00,110,湖南长沙新港,长江,湘江（洞庭湖入口）,6.92,Ⅰ,7.37,Ⅱ,2.26,Ⅱ,0.35,-,0.22,Ⅱ
2017/3/17 16:00,65,湖北武汉宗关,长江,汉江（入长江前）,7.94,Ⅰ,10.84,Ⅰ,1.46,Ⅰ,9999,-,0.18,Ⅱ
2017/3/17 16:00,175,湖南常德沙河口,长江,澧水（入洞庭湖）,7.79,Ⅰ,12.58,Ⅰ,0.95,Ⅰ,9999,-,0.49,Ⅱ
2017/3/17 16:00,16,湖南岳阳城陵矶,长江,长江干流,7.09,Ⅰ,9.66,Ⅰ,-1,-,9999,-,0.36,Ⅱ
2017/3/17 16:00,173,湖南常德坡头,长江,沅江（入洞庭湖）,-1,-,-1,-,0.14,Ⅰ,9999,-,0.2,Ⅱ
2017/3/17 16:00,76,江西九江河西水厂,长江,长江干流（鄂-赣省界）,7.36,Ⅰ,7.94,Ⅰ,2.3,Ⅱ,9999,-,0.12,Ⅰ
2017/3/17 16:00,18,江苏南京林山,长江,长江干流（皖-苏省界）,8.18,Ⅰ,9.59,Ⅰ,2.29,Ⅱ,9999,-,0.18,Ⅱ
2017/3/17 16:00,184,湖南益阳万家嘴,长江,资水（入洞庭湖前）,9.46,劣Ⅴ,9.28,Ⅰ,0.65,Ⅰ,9999,-,0.5,Ⅱ
2017/3/17 16:00,123,江西南昌滁槎,长江,赣江（鄱阳湖入口）,6.84,Ⅰ,7.76,Ⅰ,5.03,Ⅲ,4.18,-,0.49,Ⅱ
2017/3/17 16:00,167,贵州赤水鲢鱼溪,长江,赤水河（黔-川省界）,6.45,Ⅰ,8.36,Ⅰ,1.43,Ⅰ,9999,-,0.12,Ⅰ
2017/3/17 16:00,118,四川泸州沱江二桥,长江,沱江（入长江前）,7.6,Ⅰ,6.96,Ⅱ,3.29,Ⅱ,9999,-,0.28,Ⅱ
2017/3/17 16:00,114,江西九江蛤蟆石,长江,鄱阳湖出口,6.73,Ⅰ,8.64,Ⅰ,2.48,Ⅱ,9999,-,0.32,Ⅱ
2017/3/17 16:00,56,安徽安庆皖河口,长江,长江干流,7.69,Ⅰ,8.24,Ⅰ,2.68,Ⅱ,9999,-,0.14,Ⅰ
2017/3/17 20:00,173,湖南常德坡头,长江,沅江（入洞庭湖）,-1,-,-1,-,0.37,Ⅰ,9999,-,0.15,Ⅰ
2017/3/17 20:00,5,重庆朱沱,长江,长江干流（川-渝省界）,8.33,Ⅰ,8.15,Ⅰ,1.93,Ⅰ,9999,-,0.21,Ⅱ
2017/3/17 20:00,16,湖南岳阳城陵矶,长江,长江干流,7.1,Ⅰ,9.9,Ⅰ,-1,-,9999,-,0.32,Ⅱ
2017/3/17 20:00,18,江苏南京林山,长江,长江干流（皖-苏省界）,8.17,Ⅰ,9.54,Ⅰ,2.02,Ⅱ,9999,-,0.18,Ⅱ
2017/3/17 20:00,56,安徽安庆皖河口,长江,长江干流,7.74,Ⅰ,8.23,Ⅰ,2.59,Ⅱ,9999,-,0.22,Ⅱ
2017/3/17 20:00,65,湖北武汉宗关,长江,汉江（入长江前）,7.93,Ⅰ,10.74,Ⅰ,1.71,Ⅰ,9999,-,0.17,Ⅱ
2017/3/17 20:00,74,四川攀枝花龙洞,长江,长江干流,6.01,Ⅰ,8.22,Ⅰ,2.68,Ⅱ,9999,-,0.05,Ⅰ
2017/3/17 20:00,75,湖北宜昌南津关,长江,长江干流（三峡水库出口）,7.64,Ⅰ,9.19,Ⅰ,2.34,Ⅱ,9999,-,0.24,Ⅱ
2017/3/17 20:00,76,江西九江河西水厂,长江,长江干流（鄂-赣省界）,7.37,Ⅰ,7.91,Ⅰ,2.4,Ⅱ,9999,-,0.15,Ⅰ
2017/3/17 20:00,110,湖南长沙新港,长江,湘江（洞庭湖入口）,6.92,Ⅰ,7.29,Ⅱ,2.35,Ⅱ,-1,-,0.24,Ⅱ
2017/3/17 20:00,112,江苏扬州三江营,长江,夹江（南水北调取水口）,7.54,Ⅰ,7.99,Ⅰ,2.32,Ⅱ,-1,-,-1,-
2017/3/17 20:00,114,江西九江蛤蟆石,长江,鄱阳湖出口,6.68,Ⅰ,8.6,Ⅰ,3.7,Ⅱ,9999,-,0.36,Ⅱ
2017/3/17 20:00,118,四川泸州沱江二桥,长江,沱江（入长江前）,7.57,Ⅰ,6.79,Ⅱ,3.28,Ⅱ,9999,-,0.34,Ⅱ
2017/3/17 20:00,119,四川乐山岷江大桥,长江,岷江（与大渡河汇合前）,6.91,Ⅰ,8.75,Ⅰ,2.86,Ⅱ,9999,-,0.92,Ⅲ
2017/3/17 20:00,123,江西南昌滁槎,长江,赣江（鄱阳湖入口）,6.82,Ⅰ,7.68,Ⅰ,4.72,Ⅲ,3.94,-,0.52,Ⅲ
2017/3/17 20:00,125,湖北丹江口胡家岭,长江,丹江口水库（库体）,8.11,Ⅰ,10.81,Ⅰ,2.48,Ⅱ,9999,-,0.11,Ⅰ
2017/3/17 20:00,137,河南南阳陶岔,长江,南水北调中线取水口,8.14,Ⅰ,11.36,Ⅰ,-1,-,9999,-,0.05,Ⅰ
2017/3/17 20:00,167,贵州赤水鲢鱼溪,长江,赤水河（黔-川省界）,6.44,Ⅰ,8.32,Ⅰ,1.19,Ⅰ,9999,-,0.12,Ⅰ
2017/3/17 20:00,175,湖南常德沙河口,长江,澧水（入洞庭湖）,7.78,Ⅰ,12.47,Ⅰ,1.14,Ⅰ,9999,-,-1,-
2017/3/17 20:00,184,湖南益阳万家嘴,长江,资水（入洞庭湖前）,8.38,Ⅰ,9.17,Ⅰ,1.19,Ⅰ,9999,-,0.76,Ⅲ
2017/3/17 22:00,167,贵州赤水鲢鱼溪,长江,赤水河（黔-川省界）,6.43,Ⅰ,8.32,Ⅰ,0.13,Ⅰ,9999,-,0.12,Ⅰ
2017/3/18 0:00,118,四川泸州沱江二桥,长江,沱江（入长江前）,7.59,Ⅰ,6.88,Ⅱ,3.42,Ⅱ,9999,-,0.32,Ⅱ
2017/3/18 0:00,167,贵州赤水鲢鱼溪,长江,赤水河（黔-川省界）,6.43,Ⅰ,8.34,Ⅰ,2.01,Ⅱ,9999,-,0.12,Ⅰ
2017/3/18 0:00,65,湖北武汉宗关,长江,汉江（入长江前）,7.94,Ⅰ,10.73,Ⅰ,1.38,Ⅰ,9999,-,0.16,Ⅱ
2017/3/18 0:00,5,重庆朱沱,长江,长江干流（川-渝省界）,8.32,Ⅰ,8.15,Ⅰ,1.94,Ⅰ,9999,-,0.24,Ⅱ
2017/3/18 0:00,125,湖北丹江口胡家岭,长江,丹江口水库（库体）,8.05,Ⅰ,10.75,Ⅰ,2.49,Ⅱ,9999,-,0.1,Ⅰ
2017/3/18 0:00,175,湖南常德沙河口,长江,澧水（入洞庭湖）,7.76,Ⅰ,12.26,Ⅰ,1.17,Ⅰ,9999,-,-1,-
2017/3/18 0:00,184,湖南益阳万家嘴,长江,资水（入洞庭湖前）,8.42,Ⅰ,8.7,Ⅰ,0.77,Ⅰ,9999,-,0.65,Ⅲ
2017/3/18 0:00,110,湖南长沙新港,长江,湘江（洞庭湖入口）,6.92,Ⅰ,7.2,Ⅱ,2.34,Ⅱ,-1,-,0.28,Ⅱ
2017/3/18 0:00,56,安徽安庆皖河口,长江,长江干流,7.73,Ⅰ,8.2,Ⅰ,2.67,Ⅱ,9999,-,0.19,Ⅱ
2017/3/18 0:00,137,河南南阳陶岔,长江,南水北调中线取水口,8.13,Ⅰ,11.38,Ⅰ,-1,-,9999,-,0.06,Ⅰ
2017/3/18 0:00,112,江苏扬州三江营,长江,夹江（南水北调取水口）,7.52,Ⅰ,8.02,Ⅰ,2,Ⅰ,1.19,-,0.17,Ⅱ
2017/3/18 0:00,74,四川攀枝花龙洞,长江,长江干流,6.25,Ⅰ,6.74,Ⅱ,2.62,Ⅱ,9999,-,0.09,Ⅰ
2017/3/18 0:00,16,湖南岳阳城陵矶,长江,长江干流,7.07,Ⅰ,9.08,Ⅰ,-1,-,9999,-,0.32,Ⅱ
2017/3/18 0:00,119,四川乐山岷江大桥,长江,岷江（与大渡河汇合前）,6.88,Ⅰ,8.52,Ⅰ,2.8,Ⅱ,9999,-,0.97,Ⅲ
2017/3/18 0:00,75,湖北宜昌南津关,长江,长江干流（三峡水库出口）,7.66,Ⅰ,9.15,Ⅰ,2.08,Ⅱ,9999,-,0.27,Ⅱ
2017/3/18 0:00,173,湖南常德坡头,长江,沅江（入洞庭湖）,-1,-,-1,-,0.86,Ⅰ,9999,-,0.23,Ⅱ
2017/3/18 0:00,18,江苏南京林山,长江,长江干流（皖-苏省界）,8.15,Ⅰ,9.52,Ⅰ,2,Ⅰ,9999,-,0.18,Ⅱ
2017/3/18 0:00,76,江西九江河西水厂,长江,长江干流（鄂-赣省界）,7.37,Ⅰ,7.98,Ⅰ,2.63,Ⅱ,9999,-,0.15,Ⅰ
2017/3/18 0:00,123,江西南昌滁槎,长江,赣江（鄱阳湖入口）,6.8,Ⅰ,7.52,Ⅰ,4.73,Ⅲ,3.94,-,0.54,Ⅲ
2017/3/18 0:00,114,江西九江蛤蟆石,长江,鄱阳湖出口,6.61,Ⅰ,8.59,Ⅰ,3.9,Ⅱ,9999,-,0.37,Ⅱ
2017/3/18 4:00,110,湖南长沙新港,长江,湘江（洞庭湖入口）,6.91,Ⅰ,7.07,Ⅱ,2.33,Ⅱ,-1,-,0.24,Ⅱ
2017/3/18 4:00,75,湖北宜昌南津关,长江,长江干流（三峡水库出口）,7.66,Ⅰ,9.14,Ⅰ,2.09,Ⅱ,9999,-,0.26,Ⅱ
2017/3/18 4:00,114,江西九江蛤蟆石,长江,鄱阳湖出口,6.59,Ⅰ,8.48,Ⅰ,4.04,Ⅲ,9999,-,0.37,Ⅱ
2017/3/18 4:00,175,湖南常德沙河口,长江,澧水（入洞庭湖）,7.74,Ⅰ,12.11,Ⅰ,1.46,Ⅰ,9999,-,1,Ⅲ
2017/3/18 4:00,118,四川泸州沱江二桥,长江,沱江（入长江前）,7.57,Ⅰ,6.77,Ⅱ,3.37,Ⅱ,9999,-,0.33,Ⅱ
2017/3/18 4:00,74,四川攀枝花龙洞,长江,长江干流,6.57,Ⅰ,6.95,Ⅱ,2.68,Ⅱ,9999,-,0.1,Ⅰ
2017/3/18 4:00,119,四川乐山岷江大桥,长江,岷江（与大渡河汇合前）,6.86,Ⅰ,8.3,Ⅰ,2.82,Ⅱ,9999,-,0.94,Ⅲ
2017/3/18 4:00,65,湖北武汉宗关,长江,汉江（入长江前）,7.93,Ⅰ,10.68,Ⅰ,1.12,Ⅰ,9999,-,0.18,Ⅱ
2017/3/18 4:00,5,重庆朱沱,长江,长江干流（川-渝省界）,8.3,Ⅰ,8.12,Ⅰ,1.91,Ⅰ,9999,-,0.25,Ⅱ
2017/3/18 4:00,123,江西南昌滁槎,长江,赣江（鄱阳湖入口）,6.8,Ⅰ,7.36,Ⅱ,5.17,Ⅲ,4.31,-,0.54,Ⅲ
2017/3/18 4:00,125,湖北丹江口胡家岭,长江,丹江口水库（库体）,8.05,Ⅰ,10.7,Ⅰ,2.44,Ⅱ,9999,-,0.11,Ⅰ
2017/3/18 4:00,56,安徽安庆皖河口,长江,长江干流,7.72,Ⅰ,8.17,Ⅰ,2.55,Ⅱ,9999,-,0.2,Ⅱ
2017/3/18 4:00,137,河南南阳陶岔,长江,南水北调中线取水口,8.12,Ⅰ,11.4,Ⅰ,-1,-,9999,-,0.08,Ⅰ
2017/3/18 4:00,18,江苏南京林山,长江,长江干流（皖-苏省界）,8.13,Ⅰ,9.45,Ⅰ,2.1,Ⅱ,9999,-,0.15,Ⅰ
2017/3/18 4:00,167,贵州赤水鲢鱼溪,长江,赤水河（黔-川省界）,6.41,Ⅰ,8.33,Ⅰ,2.06,Ⅱ,9999,-,0.14,Ⅰ
2017/3/18 4:00,16,湖南岳阳城陵矶,长江,长江干流,7.08,Ⅰ,9.14,Ⅰ,-1,-,9999,-,0.32,Ⅱ
2017/3/18 4:00,173,湖南常德坡头,长江,沅江（入洞庭湖）,-1,-,-1,-,0.77,Ⅰ,9999,-,0.26,Ⅱ
2017/3/18 4:00,76,江西九江河西水厂,长江,长江干流（鄂-赣省界）,7.37,Ⅰ,8.03,Ⅰ,2.43,Ⅱ,9999,-,0.15,Ⅰ
2017/3/18 4:00,184,湖南益阳万家嘴,长江,资水（入洞庭湖前）,8.12,Ⅰ,8.74,Ⅰ,0.96,Ⅰ,9999,-,0.46,Ⅱ
2017/3/18 4:00,112,江苏扬州三江营,长江,夹江（南水北调取水口）,7.53,Ⅰ,7.99,Ⅰ,1.85,Ⅰ,-1,-,-1,-
2017/3/18 8:00,114,江西九江蛤蟆石,长江,鄱阳湖出口,6.51,Ⅰ,8.41,Ⅰ,3.03,Ⅱ,9999,-,0.31,Ⅱ
2017/3/18 8:00,167,贵州赤水鲢鱼溪,长江,赤水河（黔-川省界）,6.41,Ⅰ,8.35,Ⅰ,-1,-,9999,-,0.13,Ⅰ
2017/3/18 8:00,65,湖北武汉宗关,长江,汉江（入长江前）,7.92,Ⅰ,10.63,Ⅰ,1.57,Ⅰ,9999,-,0.19,Ⅱ
2017/3/18 8:00,16,湖南岳阳城陵矶,长江,长江干流,7.09,Ⅰ,9.12,Ⅰ,-1,-,9999,-,0.3,Ⅱ
2017/3/18 8:00,74,四川攀枝花龙洞,长江,长江干流,6.93,Ⅰ,7.92,Ⅰ,2.65,Ⅱ,9999,-,0.07,Ⅰ
2017/3/18 8:00,119,四川乐山岷江大桥,长江,岷江（与大渡河汇合前）,6.85,Ⅰ,8.17,Ⅰ,2.88,Ⅱ,9999,-,0.98,Ⅲ
2017/3/18 8:00,112,江苏扬州三江营,长江,夹江（南水北调取水口）,7.57,Ⅰ,8.12,Ⅰ,2.13,Ⅱ,-1,-,-1,-
2017/3/18 8:00,173,湖南常德坡头,长江,沅江（入洞庭湖）,-1,-,-1,-,0.21,Ⅰ,9999,-,0.22,Ⅱ
2017/3/18 8:00,175,湖南常德沙河口,长江,澧水（入洞庭湖）,7.74,Ⅰ,12.27,Ⅰ,1.09,Ⅰ,9999,-,-1,-
2017/3/18 8:00,76,江西九江河西水厂,长江,长江干流（鄂-赣省界）,7.36,Ⅰ,8.04,Ⅰ,2.46,Ⅱ,9999,-,0.14,Ⅰ
2017/3/18 8:00,5,重庆朱沱,长江,长江干流（川-渝省界）,8.29,Ⅰ,8.09,Ⅰ,1.94,Ⅰ,9999,-,0.21,Ⅱ
2017/3/18 8:00,118,四川泸州沱江二桥,长江,沱江（入长江前）,7.56,Ⅰ,6.61,Ⅱ,3.26,Ⅱ,9999,-,0.31,Ⅱ
2017/3/18 8:00,184,湖南益阳万家嘴,长江,资水（入洞庭湖前）,8.21,Ⅰ,8.91,Ⅰ,1.26,Ⅰ,9999,-,0.55,Ⅲ
2017/3/18 8:00,75,湖北宜昌南津关,长江,长江干流（三峡水库出口）,7.67,Ⅰ,9.17,Ⅰ,2.02,Ⅱ,9999,-,0.27,Ⅱ
2017/3/18 8:00,137,河南南阳陶岔,长江,南水北调中线取水口,8.14,Ⅰ,11.59,Ⅰ,-1,-,9999,-,0.06,Ⅰ
2017/3/18 8:00,18,江苏南京林山,长江,长江干流（皖-苏省界）,8.12,Ⅰ,9.44,Ⅰ,1.74,Ⅰ,9999,-,0.14,Ⅰ
2017/3/18 8:00,110,湖南长沙新港,长江,湘江（洞庭湖入口）,6.9,Ⅰ,6.88,Ⅱ,2.43,Ⅱ,-1,-,0.32,Ⅱ
2017/3/18 8:00,125,湖北丹江口胡家岭,长江,丹江口水库（库体）,8.05,Ⅰ,10.81,Ⅰ,2.27,Ⅱ,9999,-,0.11,Ⅰ
2017/3/18 8:00,56,安徽安庆皖河口,长江,长江干流,7.72,Ⅰ,8.15,Ⅰ,2.44,Ⅱ,9999,-,0.21,Ⅱ
2017/3/18 8:00,123,江西南昌滁槎,长江,赣江（鄱阳湖入口）,6.79,Ⅰ,7.24,Ⅱ,5.12,Ⅲ,4.27,-,0.58,Ⅲ
2017/3/18 12:00,167,贵州赤水鲢鱼溪,长江,赤水河（黔-川省界）,6.42,Ⅰ,8.36,Ⅰ,1.78,Ⅰ,9999,-,0.11,Ⅰ
2017/3/18 12:00,76,江西九江河西水厂,长江,长江干流（鄂-赣省界）,7.37,Ⅰ,8,Ⅰ,2.51,Ⅱ,9999,-,0.14,Ⅰ
2017/3/18 12:00,5,重庆朱沱,长江,长江干流（川-渝省界）,8.3,Ⅰ,8.04,Ⅰ,1.94,Ⅰ,9999,-,0.22,Ⅱ
2017/3/18 12:00,75,湖北宜昌南津关,长江,长江干流（三峡水库出口）,7.67,Ⅰ,9.25,Ⅰ,2.17,Ⅱ,9999,-,0.27,Ⅱ
2017/3/18 12:00,65,湖北武汉宗关,长江,汉江（入长江前）,7.92,Ⅰ,10.64,Ⅰ,1.61,Ⅰ,9999,-,0.17,Ⅱ
2017/3/18 12:00,119,四川乐山岷江大桥,长江,岷江（与大渡河汇合前）,6.88,Ⅰ,8.54,Ⅰ,3.13,Ⅱ,9999,-,0.91,Ⅲ
2017/3/18 12:00,16,湖南岳阳城陵矶,长江,长江干流,7.08,Ⅰ,9.11,Ⅰ,-1,-,9999,-,0.28,Ⅱ
2017/3/18 12:00,125,湖北丹江口胡家岭,长江,丹江口水库（库体）,8.05,Ⅰ,10.62,Ⅰ,2.32,Ⅱ,9999,-,0.11,Ⅰ
2017/3/18 12:00,112,江苏扬州三江营,长江,夹江（南水北调取水口）,7.6,Ⅰ,8.27,Ⅰ,2.08,Ⅱ,-1,-,-1,-
2017/3/18 12:00,173,湖南常德坡头,长江,沅江（入洞庭湖）,-1,-,-1,-,0.3,Ⅰ,9999,-,0.17,Ⅱ
2017/3/18 12:00,74,四川攀枝花龙洞,长江,长江干流,8.02,Ⅰ,9.65,Ⅰ,2.81,Ⅱ,9999,-,0.09,Ⅰ
2017/3/18 12:00,18,江苏南京林山,长江,长江干流（皖-苏省界）,8.13,Ⅰ,9.46,Ⅰ,2.1,Ⅱ,9999,-,0.2,Ⅱ
2017/3/18 12:00,123,江西南昌滁槎,长江,赣江（鄱阳湖入口）,6.78,Ⅰ,7.06,Ⅱ,4.45,Ⅲ,3.7,-,0.59,Ⅲ
2017/3/18 12:00,184,湖南益阳万家嘴,长江,资水（入洞庭湖前）,8.09,Ⅰ,9.03,Ⅰ,1.2,Ⅰ,9999,-,0.39,Ⅱ
2017/3/18 12:00,110,湖南长沙新港,长江,湘江（洞庭湖入口）,6.88,Ⅰ,6.91,Ⅱ,2.68,Ⅱ,-1,-,0.36,Ⅱ
2017/3/18 12:00,114,江西九江蛤蟆石,长江,鄱阳湖出口,6.49,Ⅰ,8.42,Ⅰ,2.83,Ⅱ,9999,-,0.37,Ⅱ
2017/3/18 12:00,137,河南南阳陶岔,长江,南水北调中线取水口,8.25,Ⅰ,12.02,Ⅰ,-1,-,9999,-,0.06,Ⅰ
2017/3/18 12:00,175,湖南常德沙河口,长江,澧水（入洞庭湖）,7.74,Ⅰ,12.33,Ⅰ,1.23,Ⅰ,9999,-,0.98,Ⅲ
2017/3/18 12:00,56,安徽安庆皖河口,长江,长江干流,7.73,Ⅰ,8.14,Ⅰ,2.43,Ⅱ,9999,-,0.2,Ⅱ
2017/3/18 12:00,118,四川泸州沱江二桥,长江,沱江（入长江前）,7.58,Ⅰ,6.84,Ⅱ,3.3,Ⅱ,9999,-,0.31,Ⅱ
2017/3/18 16:00,110,湖南长沙新港,长江,湘江（洞庭湖入口）,6.89,Ⅰ,6.98,Ⅱ,2.48,Ⅱ,0.35,-,0.26,Ⅱ
2017/3/18 16:00,118,四川泸州沱江二桥,长江,沱江（入长江前）,7.61,Ⅰ,7.26,Ⅱ,3.14,Ⅱ,9999,-,0.22,Ⅱ
2017/3/18 16:00,123,江西南昌滁槎,长江,赣江（鄱阳湖入口）,6.78,Ⅰ,6.92,Ⅱ,4.59,Ⅲ,3.83,-,0.59,Ⅲ
2017/3/18 16:00,119,四川乐山岷江大桥,长江,岷江（与大渡河汇合前）,6.93,Ⅰ,9.02,Ⅰ,3.02,Ⅱ,9999,-,0.86,Ⅲ
2017/3/18 16:00,18,江苏南京林山,长江,长江干流（皖-苏省界）,8.13,Ⅰ,9.43,Ⅰ,1.8,Ⅰ,9999,-,0.2,Ⅱ
2017/3/18 16:00,5,重庆朱沱,长江,长江干流（川-渝省界）,8.3,Ⅰ,7.96,Ⅰ,1.94,Ⅰ,9999,-,0.2,Ⅱ
2017/3/18 16:00,175,湖南常德沙河口,长江,澧水（入洞庭湖）,7.75,Ⅰ,12.35,Ⅰ,0.71,Ⅰ,9999,-,-1,-
2017/3/18 16:00,56,安徽安庆皖河口,长江,长江干流,7.8,Ⅰ,8.1,Ⅰ,2.67,Ⅱ,9999,-,0.21,Ⅱ
2017/3/18 16:00,65,湖北武汉宗关,长江,汉江（入长江前）,7.92,Ⅰ,10.61,Ⅰ,1.5,Ⅰ,9999,-,0.18,Ⅱ
2017/3/18 16:00,184,湖南益阳万家嘴,长江,资水（入洞庭湖前）,8.1,Ⅰ,9.07,Ⅰ,1.24,Ⅰ,9999,-,0.36,Ⅱ
2017/3/18 16:00,173,湖南常德坡头,长江,沅江（入洞庭湖）,-1,-,-1,-,-1,-,9999,-,0.11,Ⅰ
2017/3/18 16:00,74,四川攀枝花龙洞,长江,长江干流,7.18,Ⅰ,9.77,Ⅰ,2.67,Ⅱ,9999,-,0.49,Ⅱ
2017/3/18 16:00,76,江西九江河西水厂,长江,长江干流（鄂-赣省界）,7.38,Ⅰ,7.95,Ⅰ,2.5,Ⅱ,9999,-,0.17,Ⅱ
2017/3/18 16:00,16,湖南岳阳城陵矶,长江,长江干流,7.06,Ⅰ,9.75,Ⅰ,-1,-,9999,-,0.37,Ⅱ
2017/3/18 16:00,167,贵州赤水鲢鱼溪,长江,赤水河（黔-川省界）,6.44,Ⅰ,8.29,Ⅰ,-1,-,9999,-,0.12,Ⅰ
2017/3/18 16:00,125,湖北丹江口胡家岭,长江,丹江口水库（库体）,8.05,Ⅰ,10.65,Ⅰ,2.31,Ⅱ,9999,-,0.1,Ⅰ
2017/3/18 16:00,137,河南南阳陶岔,长江,南水北调中线取水口,8.25,Ⅰ,11.76,Ⅰ,-1,-,9999,-,0.07,Ⅰ
2017/3/18 16:00,112,江苏扬州三江营,长江,夹江（南水北调取水口）,7.58,Ⅰ,8.16,Ⅰ,1.85,Ⅰ,1.2,-,0.17,Ⅱ
2017/3/18 16:00,114,江西九江蛤蟆石,长江,鄱阳湖出口,6.49,Ⅰ,8.35,Ⅰ,2.89,Ⅱ,9999,-,0.36,Ⅱ
2017/3/18 20:00,5,重庆朱沱,长江,长江干流（川-渝省界）,8.31,Ⅰ,8.04,Ⅰ,1.93,Ⅰ,9999,-,0.23,Ⅱ
2017/3/18 20:00,123,江西南昌滁槎,长江,赣江（鄱阳湖入口）,6.76,Ⅰ,6.87,Ⅱ,4.83,Ⅲ,4.03,-,0.59,Ⅲ
2017/3/18 20:00,125,湖北丹江口胡家岭,长江,丹江口水库（库体）,8.05,Ⅰ,10.57,Ⅰ,2.27,Ⅱ,9999,-,0.1,Ⅰ
2017/3/18 20:00,56,安徽安庆皖河口,长江,长江干流,7.63,Ⅰ,8.07,Ⅰ,2.5,Ⅱ,9999,-,0.18,Ⅱ
2017/3/18 20:00,18,江苏南京林山,长江,长江干流（皖-苏省界）,8.13,Ⅰ,9.44,Ⅰ,1.92,Ⅰ,9999,-,0.2,Ⅱ
2017/3/18 20:00,175,湖南常德沙河口,长江,澧水（入洞庭湖）,7.76,Ⅰ,12.41,Ⅰ,0.62,Ⅰ,9999,-,-1,-
2017/3/18 20:00,110,湖南长沙新港,长江,湘江（洞庭湖入口）,6.91,Ⅰ,7.04,Ⅱ,2.27,Ⅱ,-1,-,0.26,Ⅱ
2017/3/18 20:00,16,湖南岳阳城陵矶,长江,长江干流,7.06,Ⅰ,9.75,Ⅰ,-1,-,9999,-,0.31,Ⅱ
2017/3/18 20:00,137,河南南阳陶岔,长江,南水北调中线取水口,8.16,Ⅰ,11.31,Ⅰ,-1,-,9999,-,0.06,Ⅰ
2017/3/18 20:00,118,四川泸州沱江二桥,长江,沱江（入长江前）,7.57,Ⅰ,6.87,Ⅱ,3.16,Ⅱ,9999,-,0.25,Ⅱ
2017/3/18 20:00,119,四川乐山岷江大桥,长江,岷江（与大渡河汇合前）,6.92,Ⅰ,8.93,Ⅰ,2.73,Ⅱ,9999,-,0.87,Ⅲ
2017/3/18 20:00,114,江西九江蛤蟆石,长江,鄱阳湖出口,6.47,Ⅰ,8.28,Ⅰ,4.27,Ⅲ,9999,-,0.38,Ⅱ
2017/3/18 20:00,112,江苏扬州三江营,长江,夹江（南水北调取水口）,7.54,Ⅰ,8.08,Ⅰ,1.98,Ⅰ,-1,-,-1,-
2017/3/18 20:00,74,四川攀枝花龙洞,长江,长江干流,6.23,Ⅰ,8.32,Ⅰ,1.7,Ⅰ,9999,-,0.16,Ⅱ
2017/3/18 20:00,65,湖北武汉宗关,长江,汉江（入长江前）,7.91,Ⅰ,10.54,Ⅰ,1.27,Ⅰ,9999,-,0.18,Ⅱ
2017/3/18 20:00,76,江西九江河西水厂,长江,长江干流（鄂-赣省界）,7.39,Ⅰ,7.98,Ⅰ,2.33,Ⅱ,9999,-,0.15,Ⅰ
2017/3/18 20:00,167,贵州赤水鲢鱼溪,长江,赤水河（黔-川省界）,6.46,Ⅰ,8.27,Ⅰ,-1,-,9999,-,0.13,Ⅰ
2017/3/18 20:00,173,湖南常德坡头,长江,沅江（入洞庭湖）,-1,-,-1,-,-1,-,9999,-,0.17,Ⅱ
2017/3/18 20:00,184,湖南益阳万家嘴,长江,资水（入洞庭湖前）,8.06,Ⅰ,9.1,Ⅰ,0.77,Ⅰ,9999,-,0.37,Ⅱ
2017/3/18 22:00,167,贵州赤水鲢鱼溪,长江,赤水河（黔-川省界）,6.46,Ⅰ,8.27,Ⅰ,-1,-,9999,-,0.12,Ⅰ
2017/3/19 0:00,173,湖南常德坡头,长江,沅江（入洞庭湖）,-1,-,-1,-,0.26,Ⅰ,9999,-,0.22,Ⅱ
2017/3/19 0:00,5,重庆朱沱,长江,长江干流（川-渝省界）,8.29,Ⅰ,8.07,Ⅰ,1.95,Ⅰ,9999,-,0.21,Ⅱ
2017/3/19 0:00,16,湖南岳阳城陵矶,长江,长江干流,7.05,Ⅰ,9.61,Ⅰ,-1,-,9999,-,0.3,Ⅱ
2017/3/19 0:00,18,江苏南京林山,长江,长江干流（皖-苏省界）,8.12,Ⅰ,9.43,Ⅰ,1.82,Ⅰ,9999,-,0.11,Ⅰ
2017/3/19 0:00,56,安徽安庆皖河口,长江,长江干流,7.65,Ⅰ,8.04,Ⅰ,2.56,Ⅱ,9999,-,0.22,Ⅱ
2017/3/19 0:00,65,湖北武汉宗关,长江,汉江（入长江前）,7.91,Ⅰ,10.53,Ⅰ,2.06,Ⅱ,9999,-,0.18,Ⅱ
2017/3/19 0:00,74,四川攀枝花龙洞,长江,长江干流,6.74,Ⅰ,8.35,Ⅰ,1.74,Ⅰ,9999,-,0.13,Ⅰ
2017/3/19 0:00,76,江西九江河西水厂,长江,长江干流（鄂-赣省界）,7.39,Ⅰ,7.98,Ⅰ,2.28,Ⅱ,9999,-,0.14,Ⅰ
2017/3/19 0:00,110,湖南长沙新港,长江,湘江（洞庭湖入口）,6.91,Ⅰ,7.04,Ⅱ,2.32,Ⅱ,-1,-,0.2,Ⅱ
2017/3/19 0:00,112,江苏扬州三江营,长江,夹江（南水北调取水口）,7.57,Ⅰ,8.15,Ⅰ,2.1,Ⅱ,-1,-,-1,-
2017/3/19 0:00,114,江西九江蛤蟆石,长江,鄱阳湖出口,6.54,Ⅰ,8.21,Ⅰ,-1,-,9999,-,0.35,Ⅱ
2017/3/19 0:00,118,四川泸州沱江二桥,长江,沱江（入长江前）,7.53,Ⅰ,6.29,Ⅱ,3.27,Ⅱ,9999,-,0.28,Ⅱ
2017/3/19 0:00,119,四川乐山岷江大桥,长江,岷江（与大渡河汇合前）,6.88,Ⅰ,8.46,Ⅰ,2.73,Ⅱ,9999,-,0.81,Ⅲ
2017/3/19 0:00,123,江西南昌滁槎,长江,赣江（鄱阳湖入口）,6.75,Ⅰ,6.76,Ⅱ,4.83,Ⅲ,4.03,-,0.59,Ⅲ
2017/3/19 0:00,125,湖北丹江口胡家岭,长江,丹江口水库（库体）,8.02,Ⅰ,10.56,Ⅰ,2.6,Ⅱ,9999,-,0.11,Ⅰ
2017/3/19 0:00,137,河南南阳陶岔,长江,南水北调中线取水口,8.13,Ⅰ,11.2,Ⅰ,-1,-,9999,-,0.06,Ⅰ
2017/3/19 0:00,167,贵州赤水鲢鱼溪,长江,赤水河（黔-川省界）,6.45,Ⅰ,8.28,Ⅰ,-1,-,9999,-,0.13,Ⅰ
2017/3/19 0:00,175,湖南常德沙河口,长江,澧水（入洞庭湖）,7.78,Ⅰ,12.42,Ⅰ,0.73,Ⅰ,9999,-,3.54,劣Ⅴ
2017/3/19 0:00,184,湖南益阳万家嘴,长江,资水（入洞庭湖前）,8.07,Ⅰ,9.23,Ⅰ,0.96,Ⅰ,9999,-,0.38,Ⅱ
2017/3/19 4:00,5,重庆朱沱,长江,长江干流（川-渝省界）,8.29,Ⅰ,8.08,Ⅰ,1.89,Ⅰ,9999,-,0.21,Ⅱ
2017/3/19 4:00,137,河南南阳陶岔,长江,南水北调中线取水口,8.11,Ⅰ,11.2,Ⅰ,-1,-,9999,-,0.06,Ⅰ
2017/3/19 4:00,65,湖北武汉宗关,长江,汉江（入长江前）,7.9,Ⅰ,10.54,Ⅰ,1.77,Ⅰ,9999,-,0.18,Ⅱ
2017/3/19 4:00,114,江西九江蛤蟆石,长江,鄱阳湖出口,6.52,Ⅰ,8.18,Ⅰ,4.02,Ⅲ,9999,-,0.35,Ⅱ
2017/3/19 4:00,56,安徽安庆皖河口,长江,长江干流,7.65,Ⅰ,8.07,Ⅰ,2.65,Ⅱ,9999,-,0.22,Ⅱ
2017/3/19 4:00,173,湖南常德坡头,长江,沅江（入洞庭湖）,-1,-,-1,-,0.35,Ⅰ,9999,-,0.23,Ⅱ
2017/3/19 4:00,112,江苏扬州三江营,长江,夹江（南水北调取水口）,7.57,Ⅰ,8.14,Ⅰ,1.95,Ⅰ,-1,-,-1,-
2017/3/19 4:00,76,江西九江河西水厂,长江,长江干流（鄂-赣省界）,7.39,Ⅰ,7.97,Ⅰ,2.35,Ⅱ,9999,-,0.17,Ⅱ
2017/3/19 4:00,18,江苏南京林山,长江,长江干流（皖-苏省界）,8.11,Ⅰ,9.46,Ⅰ,2.31,Ⅱ,9999,-,0.12,Ⅰ
2017/3/19 4:00,125,湖北丹江口胡家岭,长江,丹江口水库（库体）,8.05,Ⅰ,10.62,Ⅰ,2.4,Ⅱ,9999,-,0.11,Ⅰ
2017/3/19 4:00,184,湖南益阳万家嘴,长江,资水（入洞庭湖前）,8.1,Ⅰ,9.36,Ⅰ,0.81,Ⅰ,9999,-,0.4,Ⅱ
2017/3/19 4:00,175,湖南常德沙河口,长江,澧水（入洞庭湖）,7.78,Ⅰ,12.38,Ⅰ,1.07,Ⅰ,9999,-,-1,-
2017/3/19 4:00,74,四川攀枝花龙洞,长江,长江干流,7.12,Ⅰ,7.42,Ⅱ,1.84,Ⅰ,9999,-,0.07,Ⅰ
2017/3/19 4:00,110,湖南长沙新港,长江,湘江（洞庭湖入口）,6.92,Ⅰ,7.15,Ⅱ,2.38,Ⅱ,-1,-,0.2,Ⅱ
2017/3/19 4:00,119,四川乐山岷江大桥,长江,岷江（与大渡河汇合前）,6.84,Ⅰ,8.32,Ⅰ,2.85,Ⅱ,9999,-,0.9,Ⅲ
2017/3/19 4:00,167,贵州赤水鲢鱼溪,长江,赤水河（黔-川省界）,6.45,Ⅰ,8.27,Ⅰ,1.96,Ⅰ,9999,-,0.13,Ⅰ
2017/3/19 4:00,118,四川泸州沱江二桥,长江,沱江（入长江前）,7.52,Ⅰ,6.14,Ⅱ,3.18,Ⅱ,9999,-,0.32,Ⅱ
2017/3/19 4:00,16,湖南岳阳城陵矶,长江,长江干流,7.05,Ⅰ,9.13,Ⅰ,-1,-,9999,-,0.35,Ⅱ
2017/3/19 4:00,123,江西南昌滁槎,长江,赣江（鄱阳湖入口）,6.74,Ⅰ,6.55,Ⅱ,4.84,Ⅲ,4.03,-,0.61,Ⅲ
2017/3/19 8:00,167,贵州赤水鲢鱼溪,长江,赤水河（黔-川省界）,6.46,Ⅰ,8.28,Ⅰ,-1,-,9999,-,0.12,Ⅰ
2017/3/19 8:00,114,江西九江蛤蟆石,长江,鄱阳湖出口,6.54,Ⅰ,8.35,Ⅰ,3.1,Ⅱ,9999,-,0.35,Ⅱ
2017/3/19 8:00,112,江苏扬州三江营,长江,夹江（南水北调取水口）,7.59,Ⅰ,8.16,Ⅰ,-1,-,-1,-,-1,-
2017/3/19 8:00,5,重庆朱沱,长江,长江干流（川-渝省界）,8.28,Ⅰ,8.09,Ⅰ,1.96,Ⅰ,9999,-,0.2,Ⅱ
2017/3/19 8:00,125,湖北丹江口胡家岭,长江,丹江口水库（库体）,8.05,Ⅰ,10.62,Ⅰ,2.36,Ⅱ,9999,-,0.1,Ⅰ
2017/3/19 8:00,110,湖南长沙新港,长江,湘江（洞庭湖入口）,6.92,Ⅰ,7.15,Ⅱ,2.42,Ⅱ,-1,-,0.19,Ⅱ
2017/3/19 8:00,137,河南南阳陶岔,长江,南水北调中线取水口,8.09,Ⅰ,11.14,Ⅰ,-1,-,9999,-,0.07,Ⅰ
2017/3/19 8:00,76,江西九江河西水厂,长江,长江干流（鄂-赣省界）,7.38,Ⅰ,7.89,Ⅰ,2.54,Ⅱ,9999,-,0.15,Ⅰ
2017/3/19 8:00,74,四川攀枝花龙洞,长江,长江干流,7.45,Ⅰ,7.92,Ⅰ,1.75,Ⅰ,9999,-,0.18,Ⅱ
2017/3/19 8:00,184,湖南益阳万家嘴,长江,资水（入洞庭湖前）,8,Ⅰ,9.26,Ⅰ,1,Ⅰ,9999,-,0.92,Ⅲ
2017/3/19 8:00,123,江西南昌滁槎,长江,赣江（鄱阳湖入口）,6.72,Ⅰ,6.23,Ⅱ,5.32,Ⅲ,4.43,-,2.9,劣Ⅴ
2017/3/19 8:00,65,湖北武汉宗关,长江,汉江（入长江前）,7.9,Ⅰ,10.53,Ⅰ,1.58,Ⅰ,9999,-,0.19,Ⅱ
2017/3/19 8:00,56,安徽安庆皖河口,长江,长江干流,7.66,Ⅰ,8.05,Ⅰ,2.58,Ⅱ,9999,-,0.23,Ⅱ
2017/3/19 8:00,173,湖南常德坡头,长江,沅江（入洞庭湖）,-1,-,-1,-,0.41,Ⅰ,9999,-,0.27,Ⅱ
2017/3/19 8:00,18,江苏南京林山,长江,长江干流（皖-苏省界）,8.12,Ⅰ,9.46,Ⅰ,2.14,Ⅱ,9999,-,0.2,Ⅱ
2017/3/19 8:00,16,湖南岳阳城陵矶,长江,长江干流,7.05,Ⅰ,9.03,Ⅰ,-1,-,9999,-,0.36,Ⅱ
2017/3/19 8:00,175,湖南常德沙河口,长江,澧水（入洞庭湖）,7.78,Ⅰ,12.37,Ⅰ,0.66,Ⅰ,9999,-,0.78,Ⅲ
2017/3/19 8:00,119,四川乐山岷江大桥,长江,岷江（与大渡河汇合前）,6.84,Ⅰ,8.05,Ⅰ,2.94,Ⅱ,9999,-,0.86,Ⅲ
2017/3/19 8:00,118,四川泸州沱江二桥,长江,沱江（入长江前）,7.52,Ⅰ,6.23,Ⅱ,3.22,Ⅱ,9999,-,0.33,Ⅱ
2017/3/19 12:00,173,湖南常德坡头,长江,沅江（入洞庭湖）,-1,-,-1,-,0.3,Ⅰ,9999,-,0.24,Ⅱ
2017/3/19 12:00,137,河南南阳陶岔,长江,南水北调中线取水口,8.15,Ⅰ,11.42,Ⅰ,-1,-,9999,-,0.08,Ⅰ
2017/3/19 12:00,18,江苏南京林山,长江,长江干流（皖-苏省界）,8.13,Ⅰ,9.52,Ⅰ,2.18,Ⅱ,9999,-,0.1,Ⅰ
2017/3/19 12:00,125,湖北丹江口胡家岭,长江,丹江口水库（库体）,8.06,Ⅰ,10.73,Ⅰ,2.33,Ⅱ,9999,-,0.1,Ⅰ
2017/3/19 12:00,65,湖北武汉宗关,长江,汉江（入长江前）,7.9,Ⅰ,10.51,Ⅰ,2.07,Ⅱ,9999,-,0.18,Ⅱ
2017/3/19 12:00,112,江苏扬州三江营,长江,夹江（南水北调取水口）,7.66,Ⅰ,8.34,Ⅰ,1.48,Ⅰ,-1,-,-1,-
2017/3/19 12:00,184,湖南益阳万家嘴,长江,资水（入洞庭湖前）,8.04,Ⅰ,8.62,Ⅰ,0.87,Ⅰ,9999,-,0.4,Ⅱ
2017/3/19 12:00,5,重庆朱沱,长江,长江干流（川-渝省界）,8.28,Ⅰ,8.04,Ⅰ,1.89,Ⅰ,9999,-,0.21,Ⅱ
2017/3/19 12:00,123,江西南昌滁槎,长江,赣江（鄱阳湖入口）,6.73,Ⅰ,6.26,Ⅱ,5.36,Ⅲ,4.47,-,0.68,Ⅲ
2017/3/19 12:00,114,江西九江蛤蟆石,长江,鄱阳湖出口,6.54,Ⅰ,8.33,Ⅰ,6.3,Ⅳ,9999,-,0.31,Ⅱ
2017/3/19 12:00,74,四川攀枝花龙洞,长江,长江干流,8.21,Ⅰ,8.5,Ⅰ,1.83,Ⅰ,9999,-,0.16,Ⅱ
2017/3/19 12:00,167,贵州赤水鲢鱼溪,长江,赤水河（黔-川省界）,6.48,Ⅰ,8.3,Ⅰ,-1,-,9999,-,0.12,Ⅰ
2017/3/19 12:00,175,湖南常德沙河口,长江,澧水（入洞庭湖）,7.79,Ⅰ,12.41,Ⅰ,1.25,Ⅰ,9999,-,-1,-
2017/3/19 12:00,119,四川乐山岷江大桥,长江,岷江（与大渡河汇合前）,6.86,Ⅰ,8.39,Ⅰ,2.8,Ⅱ,9999,-,0.82,Ⅲ
2017/3/19 12:00,56,安徽安庆皖河口,长江,长江干流,7.67,Ⅰ,8.04,Ⅰ,2.92,Ⅱ,9999,-,0.2,Ⅱ
2017/3/19 12:00,118,四川泸州沱江二桥,长江,沱江（入长江前）,7.56,Ⅰ,6.77,Ⅱ,3.36,Ⅱ,9999,-,0.24,Ⅱ
2017/3/19 12:00,76,江西九江河西水厂,长江,长江干流（鄂-赣省界）,7.38,Ⅰ,7.83,Ⅰ,2.79,Ⅱ,9999,-,0.16,Ⅱ
2017/3/19 12:00,110,湖南长沙新港,长江,湘江（洞庭湖入口）,6.91,Ⅰ,7.21,Ⅱ,2.57,Ⅱ,-1,-,0.21,Ⅱ
2017/3/19 12:00,16,湖南岳阳城陵矶,长江,长江干流,7.05,Ⅰ,8.95,Ⅰ,-1,-,9999,-,0.35,Ⅱ
2017/3/19 16:00,76,江西九江河西水厂,长江,长江干流（鄂-赣省界）,7.38,Ⅰ,7.87,Ⅰ,2.68,Ⅱ,9999,-,0.15,Ⅰ
2017/3/19 16:00,56,安徽安庆皖河口,长江,长江干流,7.66,Ⅰ,8.03,Ⅰ,2.62,Ⅱ,9999,-,0.24,Ⅱ
2017/3/19 16:00,112,江苏扬州三江营,长江,夹江（南水北调取水口）,7.63,Ⅰ,8.25,Ⅰ,-1,-,-1,-,-1,-
2017/3/19 16:00,107,湖南岳阳岳阳楼,长江,洞庭湖出口,7.28,Ⅰ,9.65,Ⅰ,-1,-,9999,-,0.15,Ⅰ
2017/3/19 16:00,110,湖南长沙新港,长江,湘江（洞庭湖入口）,6.91,Ⅰ,7.19,Ⅱ,2.59,Ⅱ,0.38,-,0.19,Ⅱ
2017/3/19 16:00,16,湖南岳阳城陵矶,长江,长江干流,7.05,Ⅰ,9.03,Ⅰ,8.28,Ⅳ,9999,-,0.34,Ⅱ
2017/3/19 16:00,5,重庆朱沱,长江,长江干流（川-渝省界）,8.28,Ⅰ,7.98,Ⅰ,1.88,Ⅰ,9999,-,0.21,Ⅱ
2017/3/19 16:00,173,湖南常德坡头,长江,沅江（入洞庭湖）,-1,-,-1,-,-1,-,9999,-,0.13,Ⅰ
2017/3/19 16:00,18,江苏南京林山,长江,长江干流（皖-苏省界）,8.13,Ⅰ,9.51,Ⅰ,2.06,Ⅱ,9999,-,0.16,Ⅱ
2017/3/19 16:00,167,贵州赤水鲢鱼溪,长江,赤水河（黔-川省界）,6.47,Ⅰ,8.25,Ⅰ,-1,-,9999,-,0.12,Ⅰ
2017/3/19 16:00,137,河南南阳陶岔,长江,南水北调中线取水口,8.14,Ⅰ,11.5,Ⅰ,-1,-,9999,-,0.06,Ⅰ
2017/3/19 16:00,114,江西九江蛤蟆石,长江,鄱阳湖出口,6.74,Ⅰ,8.38,Ⅰ,2.67,Ⅱ,9999,-,0.32,Ⅱ
2017/3/19 16:00,184,湖南益阳万家嘴,长江,资水（入洞庭湖前）,8.07,Ⅰ,9.05,Ⅰ,0.94,Ⅰ,9999,-,0.37,Ⅱ
2017/3/19 16:00,125,湖北丹江口胡家岭,长江,丹江口水库（库体）,8.04,Ⅰ,10.77,Ⅰ,2.16,Ⅱ,9999,-,0.1,Ⅰ
2017/3/19 16:00,65,湖北武汉宗关,长江,汉江（入长江前）,7.89,Ⅰ,10.48,Ⅰ,1.64,Ⅰ,9999,-,0.19,Ⅱ
2017/3/19 16:00,123,江西南昌滁槎,长江,赣江（鄱阳湖入口）,6.72,Ⅰ,6.11,Ⅱ,5,Ⅲ,4.17,-,0.73,Ⅲ
2017/3/19 16:00,119,四川乐山岷江大桥,长江,岷江（与大渡河汇合前）,6.91,Ⅰ,8.62,Ⅰ,2.66,Ⅱ,9999,-,0.9,Ⅲ
2017/3/19 16:00,74,四川攀枝花龙洞,长江,长江干流,7.54,Ⅰ,10.36,Ⅰ,1.89,Ⅰ,9999,-,0.08,Ⅰ
2017/3/19 16:00,175,湖南常德沙河口,长江,澧水（入洞庭湖）,7.8,Ⅰ,12.44,Ⅰ,0.93,Ⅰ,9999,-,-1,-
2017/3/19 16:00,118,四川泸州沱江二桥,长江,沱江（入长江前）,7.62,Ⅰ,7.38,Ⅱ,3.29,Ⅱ,9999,-,0.24,Ⅱ
2017/3/19 20:00,18,江苏南京林山,长江,长江干流（皖-苏省界）,8.14,Ⅰ,9.57,Ⅰ,2.02,Ⅱ,9999,-,0.14,Ⅰ
2017/3/19 20:00,5,重庆朱沱,长江,长江干流（川-渝省界）,8.27,Ⅰ,8.08,Ⅰ,1.9,Ⅰ,9999,-,0.26,Ⅱ
2017/3/19 20:00,16,湖南岳阳城陵矶,长江,长江干流,7.03,Ⅰ,8.93,Ⅰ,-1,-,9999,-,0.4,Ⅱ
2017/3/19 20:00,56,安徽安庆皖河口,长江,长江干流,7.65,Ⅰ,8.01,Ⅰ,2.7,Ⅱ,9999,-,0.24,Ⅱ
2017/3/19 20:00,65,湖北武汉宗关,长江,汉江（入长江前）,7.89,Ⅰ,10.58,Ⅰ,1.9,Ⅰ,9999,-,0.2,Ⅱ
2017/3/19 20:00,74,四川攀枝花龙洞,长江,长江干流,7.11,Ⅰ,9.76,Ⅰ,1.72,Ⅰ,9999,-,0.14,Ⅰ
2017/3/19 20:00,76,江西九江河西水厂,长江,长江干流（鄂-赣省界）,7.37,Ⅰ,7.85,Ⅰ,2.51,Ⅱ,9999,-,0.13,Ⅰ
2017/3/19 20:00,110,湖南长沙新港,长江,湘江（洞庭湖入口）,6.91,Ⅰ,7.03,Ⅱ,2.52,Ⅱ,-1,-,0.2,Ⅱ
2017/3/19 20:00,112,江苏扬州三江营,长江,夹江（南水北调取水口）,7.59,Ⅰ,8.17,Ⅰ,1.78,Ⅰ,-1,-,-1,-
2017/3/19 20:00,114,江西九江蛤蟆石,长江,鄱阳湖出口,6.71,Ⅰ,8.34,Ⅰ,3.22,Ⅱ,9999,-,0.34,Ⅱ
2017/3/19 20:00,118,四川泸州沱江二桥,长江,沱江（入长江前）,7.58,Ⅰ,6.91,Ⅱ,3.31,Ⅱ,9999,-,0.21,Ⅱ
2017/3/19 20:00,119,四川乐山岷江大桥,长江,岷江（与大渡河汇合前）,6.91,Ⅰ,8.69,Ⅰ,2.6,Ⅱ,9999,-,0.87,Ⅲ
2017/3/19 20:00,123,江西南昌滁槎,长江,赣江（鄱阳湖入口）,6.71,Ⅰ,5.81,Ⅲ,5.21,Ⅲ,4.34,-,0.77,Ⅲ
2017/3/19 20:00,125,湖北丹江口胡家岭,长江,丹江口水库（库体）,8.05,Ⅰ,10.76,Ⅰ,2.41,Ⅱ,9999,-,0.1,Ⅰ
2017/3/19 20:00,137,河南南阳陶岔,长江,南水北调中线取水口,8.15,Ⅰ,11.39,Ⅰ,-1,-,9999,-,0.05,Ⅰ
2017/3/19 20:00,167,贵州赤水鲢鱼溪,长江,赤水河（黔-川省界）,6.46,Ⅰ,8.23,Ⅰ,-1,-,9999,-,0.12,Ⅰ
2017/3/19 20:00,175,湖南常德沙河口,长江,澧水（入洞庭湖）,7.7,Ⅰ,9.68,Ⅰ,1.39,Ⅰ,9999,-,-1,-
2017/3/19 20:00,184,湖南益阳万家嘴,长江,资水（入洞庭湖前）,8.04,Ⅰ,9.22,Ⅰ,1.91,Ⅰ,9999,-,0.39,Ⅱ
2017/3/19 22:00,167,贵州赤水鲢鱼溪,长江,赤水河（黔-川省界）,6.5,Ⅰ,8.24,Ⅰ,-1,-,9999,-,0.12,Ⅰ
2017/3/20 0:00,175,湖南常德沙河口,长江,澧水（入洞庭湖）,7.7,Ⅰ,9.68,Ⅰ,0.66,Ⅰ,9999,-,-1,-
2017/3/20 0:00,123,江西南昌滁槎,长江,赣江（鄱阳湖入口）,6.7,Ⅰ,5.62,Ⅲ,5.61,Ⅲ,4.68,-,0.72,Ⅲ
2017/3/20 0:00,114,江西九江蛤蟆石,长江,鄱阳湖出口,6.64,Ⅰ,8.3,Ⅰ,4.08,Ⅲ,9999,-,0.38,Ⅱ
2017/3/20 0:00,18,江苏南京林山,长江,长江干流（皖-苏省界）,8.13,Ⅰ,9.54,Ⅰ,2.31,Ⅱ,9999,-,0.17,Ⅱ
2017/3/20 0:00,137,河南南阳陶岔,长江,南水北调中线取水口,8.14,Ⅰ,11.3,Ⅰ,-1,-,9999,-,0.05,Ⅰ
2017/3/20 0:00,118,四川泸州沱江二桥,长江,沱江（入长江前）,7.57,Ⅰ,6.93,Ⅱ,3.3,Ⅱ,9999,-,0.24,Ⅱ
2017/3/20 0:00,5,重庆朱沱,长江,长江干流（川-渝省界）,8.26,Ⅰ,8.11,Ⅰ,1.9,Ⅰ,9999,-,0.22,Ⅱ
2017/3/20 0:00,125,湖北丹江口胡家岭,长江,丹江口水库（库体）,8.04,Ⅰ,10.6,Ⅰ,2.45,Ⅱ,9999,-,0.11,Ⅰ
2017/3/20 0:00,76,江西九江河西水厂,长江,长江干流（鄂-赣省界）,7.37,Ⅰ,7.84,Ⅰ,2.63,Ⅱ,9999,-,0.15,Ⅰ
2017/3/20 0:00,56,安徽安庆皖河口,长江,长江干流,7.64,Ⅰ,7.98,Ⅰ,2.94,Ⅱ,9999,-,0.24,Ⅱ
2017/3/20 0:00,16,湖南岳阳城陵矶,长江,长江干流,7.02,Ⅰ,9.08,Ⅰ,2.52,Ⅱ,9999,-,0.36,Ⅱ
2017/3/20 0:00,74,四川攀枝花龙洞,长江,长江干流,6.71,Ⅰ,7.52,Ⅰ,1.72,Ⅰ,9999,-,0.1,Ⅰ
2017/3/20 0:00,167,贵州赤水鲢鱼溪,长江,赤水河（黔-川省界）,6.5,Ⅰ,8.25,Ⅰ,0.58,Ⅰ,9999,-,0.11,Ⅰ
2017/3/20 0:00,119,四川乐山岷江大桥,长江,岷江（与大渡河汇合前）,6.87,Ⅰ,8.39,Ⅰ,2.61,Ⅱ,9999,-,0.84,Ⅲ
2017/3/20 0:00,112,江苏扬州三江营,长江,夹江（南水北调取水口）,7.59,Ⅰ,8.17,Ⅰ,2.15,Ⅱ,-1,-,-1,-
2017/3/20 0:00,184,湖南益阳万家嘴,长江,资水（入洞庭湖前）,7.53,Ⅰ,9.45,Ⅰ,1.24,Ⅰ,9999,-,0.46,Ⅱ
2017/3/20 0:00,65,湖北武汉宗关,长江,汉江（入长江前）,7.87,Ⅰ,10.49,Ⅰ,1.78,Ⅰ,9999,-,0.18,Ⅱ
2017/3/20 0:00,110,湖南长沙新港,长江,湘江（洞庭湖入口）,6.92,Ⅰ,7.2,Ⅱ,2.41,Ⅱ,-1,-,0.15,Ⅰ
2017/3/20 4:00,76,江西九江河西水厂,长江,长江干流（鄂-赣省界）,7.37,Ⅰ,7.89,Ⅰ,2.59,Ⅱ,9999,-,0.17,Ⅱ
2017/3/20 4:00,114,江西九江蛤蟆石,长江,鄱阳湖出口,6.63,Ⅰ,8.25,Ⅰ,3.88,Ⅱ,9999,-,0.38,Ⅱ
2017/3/20 4:00,74,四川攀枝花龙洞,长江,长江干流,7.03,Ⅰ,7.36,Ⅱ,1.64,Ⅰ,9999,-,0.09,Ⅰ
2017/3/20 4:00,175,湖南常德沙河口,长江,澧水（入洞庭湖）,7.7,Ⅰ,9.68,Ⅰ,1.17,Ⅰ,9999,-,-1,-
2017/3/20 4:00,118,四川泸州沱江二桥,长江,沱江（入长江前）,7.56,Ⅰ,6.8,Ⅱ,3.31,Ⅱ,9999,-,0.25,Ⅱ
2017/3/20 4:00,119,四川乐山岷江大桥,长江,岷江（与大渡河汇合前）,6.85,Ⅰ,8.31,Ⅰ,2.67,Ⅱ,9999,-,0.68,Ⅲ
2017/3/20 4:00,65,湖北武汉宗关,长江,汉江（入长江前）,7.87,Ⅰ,10.48,Ⅰ,1.36,Ⅰ,9999,-,0.19,Ⅱ
2017/3/20 4:00,5,重庆朱沱,长江,长江干流（川-渝省界）,8.26,Ⅰ,8.1,Ⅰ,1.9,Ⅰ,9999,-,0.2,Ⅱ
2017/3/20 4:00,123,江西南昌滁槎,长江,赣江（鄱阳湖入口）,6.69,Ⅰ,5.69,Ⅲ,5.38,Ⅲ,4.49,-,0.71,Ⅲ
2017/3/20 4:00,56,安徽安庆皖河口,长江,长江干流,7.63,Ⅰ,7.99,Ⅰ,3.13,Ⅱ,9999,-,0.22,Ⅱ
2017/3/20 4:00,125,湖北丹江口胡家岭,长江,丹江口水库（库体）,8.04,Ⅰ,10.72,Ⅰ,2.05,Ⅱ,9999,-,0.11,Ⅰ
2017/3/20 4:00,137,河南南阳陶岔,长江,南水北调中线取水口,8.11,Ⅰ,11.23,Ⅰ,-1,-,9999,-,0.07,Ⅰ
2017/3/20 4:00,18,江苏南京林山,长江,长江干流（皖-苏省界）,8.12,Ⅰ,9.49,Ⅰ,2.39,Ⅱ,9999,-,0.12,Ⅰ
2017/3/20 4:00,167,贵州赤水鲢鱼溪,长江,赤水河（黔-川省界）,6.47,Ⅰ,8.26,Ⅰ,-1,-,9999,-,0.13,Ⅰ
2017/3/20 4:00,16,湖南岳阳城陵矶,长江,长江干流,7.02,Ⅰ,8.75,Ⅰ,2.52,Ⅱ,9999,-,0.34,Ⅱ
2017/3/20 4:00,110,湖南长沙新港,长江,湘江（洞庭湖入口）,6.92,Ⅰ,7.25,Ⅱ,2.41,Ⅱ,-1,-,0.18,Ⅱ
2017/3/20 4:00,107,湖南岳阳岳阳楼,长江,洞庭湖出口,7.26,Ⅰ,9.83,Ⅰ,-1,-,9999,-,0.17,Ⅱ
2017/3/20 4:00,184,湖南益阳万家嘴,长江,资水（入洞庭湖前）,7.38,Ⅰ,10.05,Ⅰ,1.24,Ⅰ,9999,-,0.46,Ⅱ
2017/3/20 4:00,112,江苏扬州三江营,长江,夹江（南水北调取水口）,7.6,Ⅰ,8.13,Ⅰ,1.77,Ⅰ,-1,-,-1,-
2017/3/20 8:00,119,四川乐山岷江大桥,长江,岷江（与大渡河汇合前）,6.85,Ⅰ,8.2,Ⅰ,2.72,Ⅱ,9999,-,0.69,Ⅲ
2017/3/20 8:00,175,湖南常德沙河口,长江,澧水（入洞庭湖）,7.7,Ⅰ,9.68,Ⅰ,0.66,Ⅰ,9999,-,-1,-
2017/3/20 8:00,65,湖北武汉宗关,长江,汉江（入长江前）,7.87,Ⅰ,10.47,Ⅰ,1.61,Ⅰ,9999,-,0.19,Ⅱ
2017/3/20 8:00,114,江西九江蛤蟆石,长江,鄱阳湖出口,6.62,Ⅰ,8.35,Ⅰ,3.09,Ⅱ,9999,-,0.35,Ⅱ
2017/3/20 8:00,167,贵州赤水鲢鱼溪,长江,赤水河（黔-川省界）,6.51,Ⅰ,8.29,Ⅰ,-1,-,9999,-,0.11,Ⅰ
2017/3/20 8:00,16,湖南岳阳城陵矶,长江,长江干流,7.02,Ⅰ,9,Ⅰ,2.52,Ⅱ,9999,-,0.38,Ⅱ
2017/3/20 8:00,76,江西九江河西水厂,长江,长江干流（鄂-赣省界）,7.37,Ⅰ,7.83,Ⅰ,2.62,Ⅱ,9999,-,0.14,Ⅰ
2017/3/20 8:00,118,四川泸州沱江二桥,长江,沱江（入长江前）,7.57,Ⅰ,6.91,Ⅱ,3.26,Ⅱ,9999,-,0.21,Ⅱ
2017/3/20 8:00,107,湖南岳阳岳阳楼,长江,洞庭湖出口,7.24,Ⅰ,9.79,Ⅰ,-1,-,9999,-,0.06,Ⅰ
2017/3/20 8:00,5,重庆朱沱,长江,长江干流（川-渝省界）,8.25,Ⅰ,8.08,Ⅰ,1.87,Ⅰ,9999,-,0.24,Ⅱ
2017/3/20 8:00,74,四川攀枝花龙洞,长江,长江干流,7.37,Ⅰ,8.09,Ⅰ,1.66,Ⅰ,9999,-,0.09,Ⅰ
2017/3/20 8:00,125,湖北丹江口胡家岭,长江,丹江口水库（库体）,8.06,Ⅰ,10.65,Ⅰ,2.11,Ⅱ,9999,-,0.1,Ⅰ
2017/3/20 8:00,18,江苏南京林山,长江,长江干流（皖-苏省界）,8.1,Ⅰ,9.41,Ⅰ,2.12,Ⅱ,9999,-,0.13,Ⅰ
2017/3/20 8:00,184,湖南益阳万家嘴,长江,资水（入洞庭湖前）,7.86,Ⅰ,10.2,Ⅰ,1.03,Ⅰ,9999,-,0.83,Ⅲ
2017/3/20 8:00,56,安徽安庆皖河口,长江,长江干流,7.63,Ⅰ,8,Ⅰ,3.15,Ⅱ,9999,-,0.21,Ⅱ
2017/3/20 8:00,112,江苏扬州三江营,长江,夹江（南水北调取水口）,7.62,Ⅰ,8.14,Ⅰ,2.15,Ⅱ,-1,-,-1,-
2017/3/20 8:00,137,河南南阳陶岔,长江,南水北调中线取水口,8.12,Ⅰ,11.26,Ⅰ,-1,-,9999,-,0.05,Ⅰ
2017/3/20 8:00,110,湖南长沙新港,长江,湘江（洞庭湖入口）,6.91,Ⅰ,7.15,Ⅱ,2.58,Ⅱ,-1,-,0.2,Ⅱ
2017/3/20 8:00,123,江西南昌滁槎,长江,赣江（鄱阳湖入口）,6.68,Ⅰ,5.67,Ⅲ,5.74,Ⅲ,4.78,-,0.73,Ⅲ
2017/3/20 12:00,137,河南南阳陶岔,长江,南水北调中线取水口,8.23,Ⅰ,11.77,Ⅰ,-1,-,9999,-,0.06,Ⅰ
2017/3/20 12:00,76,江西九江河西水厂,长江,长江干流（鄂-赣省界）,7.37,Ⅰ,7.83,Ⅰ,2.61,Ⅱ,9999,-,0.16,Ⅱ
2017/3/20 12:00,16,湖南岳阳城陵矶,长江,长江干流,6.98,Ⅰ,9.25,Ⅰ,2.81,Ⅱ,9999,-,0.33,Ⅱ
2017/3/20 12:00,5,重庆朱沱,长江,长江干流（川-渝省界）,8.27,Ⅰ,8.11,Ⅰ,1.83,Ⅰ,9999,-,0.22,Ⅱ
2017/3/20 12:00,74,四川攀枝花龙洞,长江,长江干流,8.31,Ⅰ,9.8,Ⅰ,1.74,Ⅰ,9999,-,0.11,Ⅰ
2017/3/20 12:00,65,湖北武汉宗关,长江,汉江（入长江前）,7.87,Ⅰ,10.53,Ⅰ,1.65,Ⅰ,9999,-,0.19,Ⅱ
2017/3/20 12:00,184,湖南益阳万家嘴,长江,资水（入洞庭湖前）,7.87,Ⅰ,9.66,Ⅰ,1.09,Ⅰ,9999,-,0.96,Ⅲ
2017/3/20 12:00,173,湖南常德坡头,长江,沅江（入洞庭湖）,-1,-,-1,-,-1,-,9999,-,0.35,Ⅱ
2017/3/20 12:00,123,江西南昌滁槎,长江,赣江（鄱阳湖入口）,6.74,Ⅰ,7.06,Ⅱ,5.71,Ⅲ,4.77,-,0.79,Ⅲ
2017/3/20 12:00,119,四川乐山岷江大桥,长江,岷江（与大渡河汇合前）,6.92,Ⅰ,8.7,Ⅰ,2.71,Ⅱ,9999,-,0.82,Ⅲ
2017/3/20 12:00,114,江西九江蛤蟆石,长江,鄱阳湖出口,7.05,Ⅰ,8.46,Ⅰ,9.16,Ⅳ,9999,-,1.07,Ⅳ
2017/3/20 12:00,107,湖南岳阳岳阳楼,长江,洞庭湖出口,7.25,Ⅰ,9.9,Ⅰ,-1,-,9999,-,0.12,Ⅰ
2017/3/20 12:00,18,江苏南京林山,长江,长江干流（皖-苏省界）,8.1,Ⅰ,9.42,Ⅰ,1.84,Ⅰ,9999,-,0.17,Ⅱ
2017/3/20 12:00,118,四川泸州沱江二桥,长江,沱江（入长江前）,7.67,Ⅰ,7.75,Ⅰ,3.22,Ⅱ,9999,-,0.11,Ⅰ
2017/3/20 12:00,167,贵州赤水鲢鱼溪,长江,赤水河（黔-川省界）,6.55,Ⅰ,8.3,Ⅰ,-1,-,9999,-,0.12,Ⅰ
2017/3/20 12:00,125,湖北丹江口胡家岭,长江,丹江口水库（库体）,8.06,Ⅰ,10.82,Ⅰ,2.03,Ⅱ,9999,-,0.1,Ⅰ
2017/3/20 12:00,112,江苏扬州三江营,长江,夹江（南水北调取水口）,7.65,Ⅰ,8.15,Ⅰ,2.08,Ⅱ,-1,-,-1,-
2017/3/20 12:00,175,湖南常德沙河口,长江,澧水（入洞庭湖）,7.7,Ⅰ,9.68,Ⅰ,0.98,Ⅰ,9999,-,-1,-
2017/3/20 12:00,56,安徽安庆皖河口,长江,长江干流,7.64,Ⅰ,7.98,Ⅰ,3.28,Ⅱ,9999,-,0.17,Ⅱ
2017/3/20 16:00,123,江西南昌滁槎,长江,赣江（鄱阳湖入口）,6.75,Ⅰ,7.49,Ⅱ,6.76,Ⅳ,5.64,-,0.8,Ⅲ
2017/3/20 16:00,118,四川泸州沱江二桥,长江,沱江（入长江前）,7.7,Ⅰ,8.07,Ⅰ,3.24,Ⅱ,9999,-,0.21,Ⅱ
2017/3/20 16:00,119,四川乐山岷江大桥,长江,岷江（与大渡河汇合前）,6.96,Ⅰ,9.12,Ⅰ,2.58,Ⅱ,9999,-,0.67,Ⅲ
2017/3/20 16:00,18,江苏南京林山,长江,长江干流（皖-苏省界）,8.11,Ⅰ,9.68,Ⅰ,2.15,Ⅱ,9999,-,0.09,Ⅰ
2017/3/20 16:00,5,重庆朱沱,长江,长江干流（川-渝省界）,8.25,Ⅰ,7.88,Ⅰ,1.94,Ⅰ,9999,-,0.21,Ⅱ
2017/3/20 16:00,175,湖南常德沙河口,长江,澧水（入洞庭湖）,-1,-,-1,-,2.65,Ⅱ,9999,-,-1,-
2017/3/20 16:00,56,安徽安庆皖河口,长江,长江干流,7.64,Ⅰ,8,Ⅰ,3.14,Ⅱ,9999,-,0.24,Ⅱ
2017/3/20 16:00,65,湖北武汉宗关,长江,汉江（入长江前）,7.88,Ⅰ,10.61,Ⅰ,2.23,Ⅱ,9999,-,0.2,Ⅱ
2017/3/20 16:00,184,湖南益阳万家嘴,长江,资水（入洞庭湖前）,8,Ⅰ,8.09,Ⅰ,1.14,Ⅰ,9999,-,0.47,Ⅱ
2017/3/20 16:00,173,湖南常德坡头,长江,沅江（入洞庭湖）,-1,-,-1,-,-1,-,9999,-,0.1,Ⅰ
2017/3/20 16:00,74,四川攀枝花龙洞,长江,长江干流,7.82,Ⅰ,11.74,Ⅰ,1.83,Ⅰ,9999,-,0.1,Ⅰ
2017/3/20 16:00,76,江西九江河西水厂,长江,长江干流（鄂-赣省界）,7.37,Ⅰ,7.86,Ⅰ,2.68,Ⅱ,9999,-,0.14,Ⅰ
2017/3/20 16:00,16,湖南岳阳城陵矶,长江,长江干流,6.96,Ⅰ,8.75,Ⅰ,2.81,Ⅱ,9999,-,0.32,Ⅱ
2017/3/20 16:00,167,贵州赤水鲢鱼溪,长江,赤水河（黔-川省界）,6.6,Ⅰ,9.62,Ⅰ,1.1,Ⅰ,9999,-,0.12,Ⅰ
2017/3/20 16:00,107,湖南岳阳岳阳楼,长江,洞庭湖出口,7.27,Ⅰ,9.89,Ⅰ,-1,-,9999,-,0.15,Ⅰ
2017/3/20 16:00,112,江苏扬州三江营,长江,夹江（南水北调取水口）,7.64,Ⅰ,8.23,Ⅰ,1.97,Ⅰ,-1,-,-1,-
2017/3/20 16:00,125,湖北丹江口胡家岭,长江,丹江口水库（库体）,8.05,Ⅰ,10.71,Ⅰ,2.37,Ⅱ,9999,-,0.1,Ⅰ
2017/3/20 16:00,114,江西九江蛤蟆石,长江,鄱阳湖出口,7,Ⅰ,8.39,Ⅰ,9.41,Ⅳ,9999,-,0.96,Ⅲ
2017/3/20 20:00,56,安徽安庆皖河口,长江,长江干流,7.64,Ⅰ,7.93,Ⅰ,3.72,Ⅱ,9999,-,0.22,Ⅱ
2017/3/20 20:00,76,江西九江河西水厂,长江,长江干流（鄂-赣省界）,7.38,Ⅰ,7.87,Ⅰ,2.71,Ⅱ,9999,-,0.14,Ⅰ
2017/3/20 20:00,5,重庆朱沱,长江,长江干流（川-渝省界）,8.22,Ⅰ,7.92,Ⅰ,1.86,Ⅰ,9999,-,0.22,Ⅱ
2017/3/20 20:00,125,湖北丹江口胡家岭,长江,丹江口水库（库体）,8.05,Ⅰ,10.62,Ⅰ,2.12,Ⅱ,9999,-,0.11,Ⅰ
2017/3/20 20:00,18,江苏南京林山,长江,长江干流（皖-苏省界）,8.1,Ⅰ,9.39,Ⅰ,1.97,Ⅰ,9999,-,0.11,Ⅰ
2017/3/20 20:00,119,四川乐山岷江大桥,长江,岷江（与大渡河汇合前）,6.93,Ⅰ,8.98,Ⅰ,2.51,Ⅱ,9999,-,0.59,Ⅲ
2017/3/20 20:00,114,江西九江蛤蟆石,长江,鄱阳湖出口,6.99,Ⅰ,8.29,Ⅰ,4.01,Ⅲ,9999,-,0.46,Ⅱ
2017/3/20 20:00,107,湖南岳阳岳阳楼,长江,洞庭湖出口,7.25,Ⅰ,9.91,Ⅰ,-1,-,9999,-,0.15,Ⅰ
2017/3/20 20:00,16,湖南岳阳城陵矶,长江,长江干流,6.97,Ⅰ,9.29,Ⅰ,2.81,Ⅱ,9999,-,0.31,Ⅱ
2017/3/20 20:00,137,河南南阳陶岔,长江,南水北调中线取水口,8.15,Ⅰ,11.25,Ⅰ,-1,-,9999,-,0.04,Ⅰ
2017/3/20 20:00,175,湖南常德沙河口,长江,澧水（入洞庭湖）,-1,-,-1,-,1.86,Ⅰ,9999,-,-1,-
2017/3/20 20:00,118,四川泸州沱江二桥,长江,沱江（入长江前）,7.65,Ⅰ,7.5,Ⅰ,3.29,Ⅱ,9999,-,0.21,Ⅱ
2017/3/20 20:00,65,湖北武汉宗关,长江,汉江（入长江前）,7.88,Ⅰ,10.59,Ⅰ,2.59,Ⅱ,9999,-,0.15,Ⅰ
2017/3/20 20:00,173,湖南常德坡头,长江,沅江（入洞庭湖）,-1,-,-1,-,-1,-,9999,-,0.08,Ⅰ
2017/3/20 20:00,123,江西南昌滁槎,长江,赣江（鄱阳湖入口）,6.73,Ⅰ,6.8,Ⅱ,6.29,Ⅳ,5.25,-,0.84,Ⅲ
2017/3/20 20:00,74,四川攀枝花龙洞,长江,长江干流,7.18,Ⅰ,10.02,Ⅰ,1.77,Ⅰ,9999,-,0.09,Ⅰ
2017/3/20 20:00,184,湖南益阳万家嘴,长江,资水（入洞庭湖前）,7.93,Ⅰ,8.09,Ⅰ,0.94,Ⅰ,9999,-,0.37,Ⅱ
2017/3/20 20:00,112,江苏扬州三江营,长江,夹江（南水北调取水口）,7.64,Ⅰ,8.21,Ⅰ,1.8,Ⅰ,-1,-,-1,-
2017/3/20 20:00,167,贵州赤水鲢鱼溪,长江,赤水河（黔-川省界）,6.62,Ⅰ,8.46,Ⅰ,0.83,Ⅰ,9999,-,0.12,Ⅰ
2017/3/20 22:00,167,贵州赤水鲢鱼溪,长江,赤水河（黔-川省界）,6.61,Ⅰ,8.46,Ⅰ,0.79,Ⅰ,9999,-,0.12,Ⅰ
2017/3/21 0:00,173,湖南常德坡头,长江,沅江（入洞庭湖）,-1,-,-1,-,-1,-,9999,-,0.14,Ⅰ
2017/3/21 0:00,5,重庆朱沱,长江,长江干流（川-渝省界）,8.21,Ⅰ,8.05,Ⅰ,1.88,Ⅰ,9999,-,0.21,Ⅱ
2017/3/21 0:00,16,湖南岳阳城陵矶,长江,长江干流,6.99,Ⅰ,8.84,Ⅰ,2.81,Ⅱ,9999,-,0.36,Ⅱ
2017/3/21 0:00,18,江苏南京林山,长江,长江干流（皖-苏省界）,8.09,Ⅰ,9.28,Ⅰ,2.18,Ⅱ,9999,-,0.16,Ⅱ
2017/3/21 0:00,56,安徽安庆皖河口,长江,长江干流,7.62,Ⅰ,7.9,Ⅰ,3.63,Ⅱ,9999,-,0.23,Ⅱ
2017/3/21 0:00,65,湖北武汉宗关,长江,汉江（入长江前）,7.88,Ⅰ,10.61,Ⅰ,1.76,Ⅰ,9999,-,0.19,Ⅱ
2017/3/21 0:00,74,四川攀枝花龙洞,长江,长江干流,6.79,Ⅰ,7.47,Ⅱ,1.75,Ⅰ,9999,-,0.11,Ⅰ
2017/3/21 0:00,76,江西九江河西水厂,长江,长江干流（鄂-赣省界）,7.37,Ⅰ,7.87,Ⅰ,2.54,Ⅱ,9999,-,0.15,Ⅰ
2017/3/21 0:00,107,湖南岳阳岳阳楼,长江,洞庭湖出口,7.2,Ⅰ,9.74,Ⅰ,-1,-,9999,-,0.16,Ⅱ
2017/3/21 0:00,112,江苏扬州三江营,长江,夹江（南水北调取水口）,7.63,Ⅰ,8.24,Ⅰ,1.98,Ⅰ,-1,-,-1,-
2017/3/21 0:00,114,江西九江蛤蟆石,长江,鄱阳湖出口,7.04,Ⅰ,8.3,Ⅰ,4.17,Ⅲ,9999,-,0.27,Ⅱ
2017/3/21 0:00,118,四川泸州沱江二桥,长江,沱江（入长江前）,7.62,Ⅰ,7.35,Ⅱ,3.13,Ⅱ,9999,-,0.23,Ⅱ
2017/3/21 0:00,119,四川乐山岷江大桥,长江,岷江（与大渡河汇合前）,6.86,Ⅰ,8.45,Ⅰ,2.51,Ⅱ,9999,-,0.56,Ⅲ
2017/3/21 0:00,123,江西南昌滁槎,长江,赣江（鄱阳湖入口）,6.69,Ⅰ,7.14,Ⅱ,6.28,Ⅳ,5.24,-,0.84,Ⅲ
2017/3/21 0:00,125,湖北丹江口胡家岭,长江,丹江口水库（库体）,8.01,Ⅰ,10.66,Ⅰ,2.11,Ⅱ,9999,-,0.1,Ⅰ
2017/3/21 0:00,137,河南南阳陶岔,长江,南水北调中线取水口,8.11,Ⅰ,11.23,Ⅰ,-1,-,9999,-,0.07,Ⅰ
2017/3/21 0:00,167,贵州赤水鲢鱼溪,长江,赤水河（黔-川省界）,6.64,Ⅰ,8.47,Ⅰ,1.73,Ⅰ,9999,-,0.12,Ⅰ
2017/3/21 0:00,175,湖南常德沙河口,长江,澧水（入洞庭湖）,-1,-,-1,-,2.25,Ⅱ,9999,-,-1,-
2017/3/21 0:00,184,湖南益阳万家嘴,长江,资水（入洞庭湖前）,7.91,Ⅰ,8.73,Ⅰ,1.2,Ⅰ,9999,-,0.37,Ⅱ
2017/3/21 4:00,123,江西南昌滁槎,长江,赣江（鄱阳湖入口）,6.7,Ⅰ,7.38,Ⅱ,6.37,Ⅳ,5.3,-,0.8,Ⅲ
2017/3/21 4:00,114,江西九江蛤蟆石,长江,鄱阳湖出口,7.05,Ⅰ,8.33,Ⅰ,3.34,Ⅱ,9999,-,0.2,Ⅱ
2017/3/21 4:00,112,江苏扬州三江营,长江,夹江（南水北调取水口）,7.61,Ⅰ,8.21,Ⅰ,1.93,Ⅰ,-1,-,-1,-
2017/3/21 4:00,125,湖北丹江口胡家岭,长江,丹江口水库（库体）,7.99,Ⅰ,10.6,Ⅰ,2.03,Ⅱ,9999,-,0.12,Ⅰ
2017/3/21 4:00,107,湖南岳阳岳阳楼,长江,洞庭湖出口,7.18,Ⅰ,9.6,Ⅰ,-1,-,9999,-,0.16,Ⅱ
2017/3/21 4:00,5,重庆朱沱,长江,长江干流（川-渝省界）,8.23,Ⅰ,8.08,Ⅰ,1.95,Ⅰ,9999,-,0.21,Ⅱ
2017/3/21 4:00,137,河南南阳陶岔,长江,南水北调中线取水口,8.06,Ⅰ,11.19,Ⅰ,-1,-,9999,-,0.06,Ⅰ
2017/3/21 4:00,76,江西九江河西水厂,长江,长江干流（鄂-赣省界）,7.36,Ⅰ,7.88,Ⅰ,2.58,Ⅱ,9999,-,0.13,Ⅰ
2017/3/21 4:00,74,四川攀枝花龙洞,长江,长江干流,6.93,Ⅰ,6.48,Ⅱ,1.7,Ⅰ,9999,-,0.08,Ⅰ
2017/3/21 4:00,167,贵州赤水鲢鱼溪,长江,赤水河（黔-川省界）,6.74,Ⅰ,8.51,Ⅰ,1.38,Ⅰ,9999,-,0.12,Ⅰ
2017/3/21 4:00,65,湖北武汉宗关,长江,汉江（入长江前）,7.88,Ⅰ,10.63,Ⅰ,1.42,Ⅰ,9999,-,0.18,Ⅱ
2017/3/21 4:00,56,安徽安庆皖河口,长江,长江干流,7.63,Ⅰ,7.91,Ⅰ,3.61,Ⅱ,9999,-,0.23,Ⅱ
2017/3/21 4:00,173,湖南常德坡头,长江,沅江（入洞庭湖）,-1,-,-1,-,-1,-,9999,-,0.19,Ⅱ
2017/3/21 4:00,18,江苏南京林山,长江,长江干流（皖-苏省界）,8.09,Ⅰ,9.22,Ⅰ,1.68,Ⅰ,9999,-,0.13,Ⅰ
2017/3/21 4:00,184,湖南益阳万家嘴,长江,资水（入洞庭湖前）,7.89,Ⅰ,8.89,Ⅰ,0.81,Ⅰ,9999,-,0.37,Ⅱ
2017/3/21 4:00,175,湖南常德沙河口,长江,澧水（入洞庭湖）,-1,-,-1,-,1.59,Ⅰ,9999,-,-1,-
2017/3/21 4:00,119,四川乐山岷江大桥,长江,岷江（与大渡河汇合前）,6.82,Ⅰ,8.13,Ⅰ,2.56,Ⅱ,9999,-,0.55,Ⅲ
2017/3/21 4:00,118,四川泸州沱江二桥,长江,沱江（入长江前）,7.61,Ⅰ,7.24,Ⅱ,3.27,Ⅱ,9999,-,0.22,Ⅱ
2017/3/21 4:00,16,湖南岳阳城陵矶,长江,长江干流,6.99,Ⅰ,8.79,Ⅰ,2.81,Ⅱ,9999,-,0.41,Ⅱ
2017/3/21 8:00,16,湖南岳阳城陵矶,长江,长江干流,6.98,Ⅰ,8.77,Ⅰ,2.81,Ⅱ,9999,-,0.42,Ⅱ
2017/3/21 8:00,123,江西南昌滁槎,长江,赣江（鄱阳湖入口）,6.71,Ⅰ,7.51,Ⅰ,6.19,Ⅳ,5.16,-,0.82,Ⅲ
2017/3/21 8:00,65,湖北武汉宗关,长江,汉江（入长江前）,7.88,Ⅰ,10.67,Ⅰ,1.44,Ⅰ,9999,-,0.18,Ⅱ
2017/3/21 8:00,112,江苏扬州三江营,长江,夹江（南水北调取水口）,7.62,Ⅰ,8.29,Ⅰ,1.93,Ⅰ,-1,-,-1,-
2017/3/21 8:00,119,四川乐山岷江大桥,长江,岷江（与大渡河汇合前）,6.8,Ⅰ,7.96,Ⅰ,2.75,Ⅱ,9999,-,0.59,Ⅲ
2017/3/21 8:00,5,重庆朱沱,长江,长江干流（川-渝省界）,8.24,Ⅰ,8.08,Ⅰ,1.81,Ⅰ,9999,-,0.23,Ⅱ
2017/3/21 8:00,56,安徽安庆皖河口,长江,长江干流,7.63,Ⅰ,7.97,Ⅰ,3.55,Ⅱ,9999,-,0.2,Ⅱ
2017/3/21 8:00,125,湖北丹江口胡家岭,长江,丹江口水库（库体）,8,Ⅰ,10.69,Ⅰ,2.16,Ⅱ,9999,-,0.1,Ⅰ
2017/3/21 8:00,107,湖南岳阳岳阳楼,长江,洞庭湖出口,7.17,Ⅰ,9.38,Ⅰ,-1,-,9999,-,0.16,Ⅱ
2017/3/21 8:00,118,四川泸州沱江二桥,长江,沱江（入长江前）,7.61,Ⅰ,7.26,Ⅱ,3.14,Ⅱ,9999,-,0.21,Ⅱ
2017/3/21 8:00,175,湖南常德沙河口,长江,澧水（入洞庭湖）,-1,-,-1,-,2.34,Ⅱ,9999,-,-1,-
2017/3/21 8:00,173,湖南常德坡头,长江,沅江（入洞庭湖）,-1,-,-1,-,-1,-,9999,-,0.17,Ⅱ
2017/3/21 8:00,137,河南南阳陶岔,长江,南水北调中线取水口,8.1,Ⅰ,11.4,Ⅰ,-1,-,9999,-,0.07,Ⅰ
2017/3/21 8:00,76,江西九江河西水厂,长江,长江干流（鄂-赣省界）,7.34,Ⅰ,7.85,Ⅰ,2.82,Ⅱ,9999,-,0.15,Ⅰ
2017/3/21 8:00,18,江苏南京林山,长江,长江干流（皖-苏省界）,8.08,Ⅰ,9.25,Ⅰ,2.12,Ⅱ,9999,-,0.11,Ⅰ
2017/3/21 8:00,74,四川攀枝花龙洞,长江,长江干流,6.83,Ⅰ,6.67,Ⅱ,1.6,Ⅰ,9999,-,0.08,Ⅰ
2017/3/21 8:00,114,江西九江蛤蟆石,长江,鄱阳湖出口,7.03,Ⅰ,8.48,Ⅰ,-1,-,9999,-,0.12,Ⅰ
2017/3/21 8:00,184,湖南益阳万家嘴,长江,资水（入洞庭湖前）,7.9,Ⅰ,8.9,Ⅰ,0.91,Ⅰ,9999,-,0.75,Ⅲ
2017/3/21 9:00,167,贵州赤水鲢鱼溪,长江,赤水河（黔-川省界）,6.78,Ⅰ,9.52,Ⅰ,1.67,Ⅰ,9999,-,0.11,Ⅰ
2017/3/21 12:00,137,河南南阳陶岔,长江,南水北调中线取水口,8.23,Ⅰ,11.94,Ⅰ,-1,-,9999,-,0.05,Ⅰ
2017/3/21 12:00,5,重庆朱沱,长江,长江干流（川-渝省界）,8.26,Ⅰ,8.07,Ⅰ,1.84,Ⅰ,9999,-,0.16,Ⅱ
2017/3/21 12:00,125,湖北丹江口胡家岭,长江,丹江口水库（库体）,7.98,Ⅰ,10.67,Ⅰ,2.22,Ⅱ,9999,-,0.1,Ⅰ
2017/3/21 12:00,65,湖北武汉宗关,长江,汉江（入长江前）,7.88,Ⅰ,10.67,Ⅰ,1.59,Ⅰ,9999,-,0.2,Ⅱ
2017/3/21 12:00,184,湖南益阳万家嘴,长江,资水（入洞庭湖前）,7.88,Ⅰ,8.35,Ⅰ,0.81,Ⅰ,9999,-,0.39,Ⅱ
2017/3/21 12:00,114,江西九江蛤蟆石,长江,鄱阳湖出口,7.04,Ⅰ,8.49,Ⅰ,-1,-,9999,-,0.07,Ⅰ
2017/3/21 12:00,18,江苏南京林山,长江,长江干流（皖-苏省界）,8.13,Ⅰ,9.31,Ⅰ,2.06,Ⅱ,9999,-,0.19,Ⅱ
2017/3/21 12:00,118,四川泸州沱江二桥,长江,沱江（入长江前）,7.66,Ⅰ,7.73,Ⅰ,3.09,Ⅱ,9999,-,0.2,Ⅱ
2017/3/21 12:00,173,湖南常德坡头,长江,沅江（入洞庭湖）,-1,-,-1,-,-1,-,9999,-,0.21,Ⅱ
2017/3/21 12:00,74,四川攀枝花龙洞,长江,长江干流,7.99,Ⅰ,7.97,Ⅰ,1.77,Ⅰ,9999,-,0.07,Ⅰ
2017/3/21 12:00,112,江苏扬州三江营,长江,夹江（南水北调取水口）,7.72,Ⅰ,8.35,Ⅰ,2.06,Ⅱ,1.16,-,0.13,Ⅰ
2017/3/21 12:00,107,湖南岳阳岳阳楼,长江,洞庭湖出口,7.17,Ⅰ,9.38,Ⅰ,-1,-,9999,-,0.15,Ⅰ
2017/3/21 12:00,16,湖南岳阳城陵矶,长江,长江干流,6.93,Ⅰ,8.65,Ⅰ,2.81,Ⅱ,9999,-,0.42,Ⅱ
2017/3/21 12:00,167,贵州赤水鲢鱼溪,长江,赤水河（黔-川省界）,6.76,Ⅰ,8.75,Ⅰ,1.82,Ⅰ,9999,-,0.12,Ⅰ
2017/3/21 12:00,123,江西南昌滁槎,长江,赣江（鄱阳湖入口）,6.71,Ⅰ,7.67,Ⅰ,6.17,Ⅳ,5.14,-,0.77,Ⅲ
2017/3/21 12:00,75,湖北宜昌南津关,长江,长江干流（三峡水库出口）,7.58,Ⅰ,9.16,Ⅰ,1.91,Ⅰ,9999,-,0.25,Ⅱ
2017/3/21 12:00,76,江西九江河西水厂,长江,长江干流（鄂-赣省界）,7.34,Ⅰ,7.83,Ⅰ,2.86,Ⅱ,9999,-,0.15,Ⅰ
2017/3/21 12:00,175,湖南常德沙河口,长江,澧水（入洞庭湖）,-1,-,-1,-,1.84,Ⅰ,9999,-,-1,-
2017/3/21 12:00,56,安徽安庆皖河口,长江,长江干流,7.65,Ⅰ,8.14,Ⅰ,2.62,Ⅱ,9999,-,0.33,Ⅱ
2017/3/21 12:00,119,四川乐山岷江大桥,长江,岷江（与大渡河汇合前）,6.81,Ⅰ,8.29,Ⅰ,2.82,Ⅱ,9999,-,0.77,Ⅲ
2017/3/21 15:00,74,四川攀枝花龙洞,长江,长江干流,7.45,Ⅰ,11.5,Ⅰ,1.77,Ⅰ,9999,-,0.09,Ⅰ
2017/3/21 16:00,167,贵州赤水鲢鱼溪,长江,赤水河（黔-川省界）,6.7,Ⅰ,8.31,Ⅰ,0.78,Ⅰ,9999,-,0.11,Ⅰ
2017/3/21 16:00,114,江西九江蛤蟆石,长江,鄱阳湖出口,7.06,Ⅰ,8.41,Ⅰ,-1,-,9999,-,0.4,Ⅱ
2017/3/21 16:00,118,四川泸州沱江二桥,长江,沱江（入长江前）,7.65,Ⅰ,7.56,Ⅰ,3.34,Ⅱ,9999,-,0.18,Ⅱ
2017/3/21 16:00,125,湖北丹江口胡家岭,长江,丹江口水库（库体）,7.99,Ⅰ,10.56,Ⅰ,2.11,Ⅱ,9999,-,0.08,Ⅰ
2017/3/21 16:00,123,江西南昌滁槎,长江,赣江（鄱阳湖入口）,6.72,Ⅰ,7.6,Ⅰ,6.08,Ⅳ,5.07,-,0.72,Ⅲ
2017/3/21 16:00,119,四川乐山岷江大桥,长江,岷江（与大渡河汇合前）,6.86,Ⅰ,8.67,Ⅰ,2.76,Ⅱ,9999,-,0.77,Ⅲ
2017/3/21 16:00,18,江苏南京林山,长江,长江干流（皖-苏省界）,8.14,Ⅰ,9.25,Ⅰ,2.16,Ⅱ,9999,-,0.16,Ⅱ
2017/3/21 16:00,112,江苏扬州三江营,长江,夹江（南水北调取水口）,7.6,Ⅰ,8.23,Ⅰ,1.97,Ⅰ,-1,-,-1,-
2017/3/21 16:00,5,重庆朱沱,长江,长江干流（川-渝省界）,8.27,Ⅰ,8.08,Ⅰ,1.86,Ⅰ,9999,-,0.17,Ⅱ
2017/3/21 16:00,175,湖南常德沙河口,长江,澧水（入洞庭湖）,-1,-,-1,-,1.77,Ⅰ,9999,-,-1,-
2017/3/21 16:00,56,安徽安庆皖河口,长江,长江干流,7.64,Ⅰ,8.09,Ⅰ,3.2,Ⅱ,9999,-,0.28,Ⅱ
2017/3/21 16:00,137,河南南阳陶岔,长江,南水北调中线取水口,8.18,Ⅰ,11.6,Ⅰ,-1,-,9999,-,0.07,Ⅰ
2017/3/21 16:00,65,湖北武汉宗关,长江,汉江（入长江前）,7.89,Ⅰ,10.68,Ⅰ,1.66,Ⅰ,9999,-,0.2,Ⅱ
2017/3/21 16:00,107,湖南岳阳岳阳楼,长江,洞庭湖出口,7.22,Ⅰ,9.55,Ⅰ,-1,-,9999,-,0.16,Ⅱ
2017/3/21 16:00,184,湖南益阳万家嘴,长江,资水（入洞庭湖前）,7.88,Ⅰ,8.49,Ⅰ,0.93,Ⅰ,9999,-,0.34,Ⅱ
2017/3/21 16:00,173,湖南常德坡头,长江,沅江（入洞庭湖）,-1,-,-1,-,-1,-,9999,-,0.12,Ⅰ
2017/3/21 16:00,76,江西九江河西水厂,长江,长江干流（鄂-赣省界）,7.34,Ⅰ,7.8,Ⅰ,2.81,Ⅱ,9999,-,0.13,Ⅰ
2017/3/21 16:00,16,湖南岳阳城陵矶,长江,长江干流,6.95,Ⅰ,8.83,Ⅰ,2.81,Ⅱ,9999,-,0.4,Ⅱ
2017/3/21 17:00,75,湖北宜昌南津关,长江,长江干流（三峡水库出口）,7.66,Ⅰ,9.16,Ⅰ,1.9,Ⅰ,9999,-,0.14,Ⅰ
2017/3/21 20:00,175,湖南常德沙河口,长江,澧水（入洞庭湖）,-1,-,-1,-,1.77,Ⅰ,9999,-,-1,-
2017/3/21 20:00,114,江西九江蛤蟆石,长江,鄱阳湖出口,7.1,Ⅰ,8.4,Ⅰ,-1,-,9999,-,0.24,Ⅱ
2017/3/21 20:00,167,贵州赤水鲢鱼溪,长江,赤水河（黔-川省界）,6.69,Ⅰ,8.26,Ⅰ,-1,-,9999,-,0.11,Ⅰ
2017/3/21 20:00,76,江西九江河西水厂,长江,长江干流（鄂-赣省界）,7.35,Ⅰ,7.82,Ⅰ,2.72,Ⅱ,9999,-,0.15,Ⅰ
2017/3/21 20:00,16,湖南岳阳城陵矶,长江,长江干流,6.96,Ⅰ,8.95,Ⅰ,2.81,Ⅱ,9999,-,0.4,Ⅱ
2017/3/21 20:00,75,湖北宜昌南津关,长江,长江干流（三峡水库出口）,7.55,Ⅰ,9.01,Ⅰ,1.98,Ⅰ,9999,-,0.1,Ⅰ
2017/3/21 20:00,137,河南南阳陶岔,长江,南水北调中线取水口,8.14,Ⅰ,11.28,Ⅰ,-1,-,9999,-,0.07,Ⅰ
2017/3/21 20:00,74,四川攀枝花龙洞,长江,长江干流,6.76,Ⅰ,9.78,Ⅰ,1.92,Ⅰ,9999,-,0.06,Ⅰ
2017/3/21 20:00,65,湖北武汉宗关,长江,汉江（入长江前）,7.89,Ⅰ,10.64,Ⅰ,1.64,Ⅰ,9999,-,0.23,Ⅱ
2017/3/21 20:00,107,湖南岳阳岳阳楼,长江,洞庭湖出口,7.24,Ⅰ,9.63,Ⅰ,-1,-,9999,-,0.18,Ⅱ
2017/3/21 20:00,5,重庆朱沱,长江,长江干流（川-渝省界）,8.27,Ⅰ,8.05,Ⅰ,1.87,Ⅰ,9999,-,0.18,Ⅱ
2017/3/21 20:00,173,湖南常德坡头,长江,沅江（入洞庭湖）,-1,-,-1,-,-1,-,9999,-,0.2,Ⅱ
2017/3/21 20:00,184,湖南益阳万家嘴,长江,资水（入洞庭湖前）,6.69,Ⅰ,8.76,Ⅰ,1.12,Ⅰ,9999,-,0.34,Ⅱ
2017/3/21 20:00,56,安徽安庆皖河口,长江,长江干流,7.65,Ⅰ,8.08,Ⅰ,3.68,Ⅱ,9999,-,0.3,Ⅱ
2017/3/21 20:00,18,江苏南京林山,长江,长江干流（皖-苏省界）,8.11,Ⅰ,9.21,Ⅰ,2.17,Ⅱ,9999,-,0.1,Ⅰ
2017/3/21 20:00,112,江苏扬州三江营,长江,夹江（南水北调取水口）,7.56,Ⅰ,8.06,Ⅰ,1.89,Ⅰ,-1,-,-1,-
2017/3/21 20:00,119,四川乐山岷江大桥,长江,岷江（与大渡河汇合前）,6.86,Ⅰ,8.63,Ⅰ,2.65,Ⅱ,9999,-,0.67,Ⅲ
2017/3/21 20:00,125,湖北丹江口胡家岭,长江,丹江口水库（库体）,7.98,Ⅰ,10.53,Ⅰ,2.26,Ⅱ,9999,-,0.1,Ⅰ
2017/3/21 20:00,118,四川泸州沱江二桥,长江,沱江（入长江前）,7.61,Ⅰ,7.16,Ⅱ,3.29,Ⅱ,9999,-,0.18,Ⅱ
2017/3/21 20:00,123,江西南昌滁槎,长江,赣江（鄱阳湖入口）,6.73,Ⅰ,7.54,Ⅰ,6.17,Ⅳ,5.15,-,0.75,Ⅲ
2017/3/21 22:00,167,贵州赤水鲢鱼溪,长江,赤水河（黔-川省界）,6.68,Ⅰ,8.26,Ⅰ,-1,-,9999,-,0.12,Ⅰ
2017/3/22 0:00,173,湖南常德坡头,长江,沅江（入洞庭湖）,-1,-,-1,-,0.19,Ⅰ,9999,-,0.21,Ⅱ
2017/3/22 0:00,5,重庆朱沱,长江,长江干流（川-渝省界）,8.25,Ⅰ,8.04,Ⅰ,1.84,Ⅰ,9999,-,0.2,Ⅱ
2017/3/22 0:00,16,湖南岳阳城陵矶,长江,长江干流,6.97,Ⅰ,8.74,Ⅰ,2.81,Ⅱ,9999,-,0.45,Ⅱ
2017/3/22 0:00,18,江苏南京林山,长江,长江干流（皖-苏省界）,8.1,Ⅰ,9.22,Ⅰ,2.19,Ⅱ,9999,-,0.13,Ⅰ
2017/3/22 0:00,56,安徽安庆皖河口,长江,长江干流,7.65,Ⅰ,8.08,Ⅰ,3.69,Ⅱ,9999,-,0.3,Ⅱ
2017/3/22 0:00,65,湖北武汉宗关,长江,汉江（入长江前）,7.9,Ⅰ,10.69,Ⅰ,1.63,Ⅰ,9999,-,0.5,Ⅱ
2017/3/22 0:00,74,四川攀枝花龙洞,长江,长江干流,6.86,Ⅰ,8.27,Ⅰ,1.71,Ⅰ,9999,-,0.1,Ⅰ
2017/3/22 0:00,75,湖北宜昌南津关,长江,长江干流（三峡水库出口）,7.24,Ⅰ,8.71,Ⅰ,1.94,Ⅰ,9999,-,0.14,Ⅰ
2017/3/22 0:00,76,江西九江河西水厂,长江,长江干流（鄂-赣省界）,7.36,Ⅰ,7.94,Ⅰ,2.75,Ⅱ,9999,-,0.13,Ⅰ
2017/3/22 0:00,107,湖南岳阳岳阳楼,长江,洞庭湖出口,7.21,Ⅰ,9.64,Ⅰ,-1,-,9999,-,0.19,Ⅱ
2017/3/22 0:00,112,江苏扬州三江营,长江,夹江（南水北调取水口）,7.57,Ⅰ,8.18,Ⅰ,1.9,Ⅰ,-1,-,-1,-
2017/3/22 0:00,114,江西九江蛤蟆石,长江,鄱阳湖出口,7.12,Ⅰ,8.38,Ⅰ,-1,-,9999,-,0.2,Ⅱ
2017/3/22 0:00,118,四川泸州沱江二桥,长江,沱江（入长江前）,7.59,Ⅰ,6.91,Ⅱ,3.33,Ⅱ,9999,-,0.19,Ⅱ
2017/3/22 0:00,119,四川乐山岷江大桥,长江,岷江（与大渡河汇合前）,6.82,Ⅰ,8.2,Ⅰ,2.52,Ⅱ,9999,-,0.74,Ⅲ
2017/3/22 0:00,123,江西南昌滁槎,长江,赣江（鄱阳湖入口）,6.74,Ⅰ,7.64,Ⅰ,5.58,Ⅲ,4.65,-,0.74,Ⅲ
2017/3/22 0:00,125,湖北丹江口胡家岭,长江,丹江口水库（库体）,7.95,Ⅰ,10.38,Ⅰ,2.06,Ⅱ,9999,-,0.09,Ⅰ
2017/3/22 0:00,137,河南南阳陶岔,长江,南水北调中线取水口,8.1,Ⅰ,11.14,Ⅰ,-1,-,9999,-,0.07,Ⅰ
2017/3/22 0:00,167,贵州赤水鲢鱼溪,长江,赤水河（黔-川省界）,6.69,Ⅰ,8.26,Ⅰ,-1,-,9999,-,0.12,Ⅰ
2017/3/22 0:00,175,湖南常德沙河口,长江,澧水（入洞庭湖）,7.7,Ⅰ,12.24,Ⅰ,1.66,Ⅰ,9999,-,0.14,Ⅰ
2017/3/22 0:00,184,湖南益阳万家嘴,长江,资水（入洞庭湖前）,9.54,劣Ⅴ,8.66,Ⅰ,0.52,Ⅰ,9999,-,0.32,Ⅱ
2017/3/22 4:00,123,江西南昌滁槎,长江,赣江（鄱阳湖入口）,6.75,Ⅰ,7.69,Ⅰ,5.92,Ⅲ,4.93,-,0.72,Ⅲ
2017/3/22 4:00,114,江西九江蛤蟆石,长江,鄱阳湖出口,7.15,Ⅰ,8.47,Ⅰ,-1,-,9999,-,0.23,Ⅱ
2017/3/22 4:00,112,江苏扬州三江营,长江,夹江（南水北调取水口）,7.56,Ⅰ,8.12,Ⅰ,1.76,Ⅰ,1.23,-,0.23,Ⅱ
2017/3/22 4:00,125,湖北丹江口胡家岭,长江,丹江口水库（库体）,7.97,Ⅰ,10.64,Ⅰ,2.11,Ⅱ,9999,-,0.1,Ⅰ
2017/3/22 4:00,107,湖南岳阳岳阳楼,长江,洞庭湖出口,7.24,Ⅰ,9.59,Ⅰ,-1,-,9999,-,0.16,Ⅱ
2017/3/22 4:00,5,重庆朱沱,长江,长江干流（川-渝省界）,8.22,Ⅰ,8.03,Ⅰ,1.85,Ⅰ,9999,-,0.19,Ⅱ
2017/3/22 4:00,76,江西九江河西水厂,长江,长江干流（鄂-赣省界）,7.35,Ⅰ,7.75,Ⅰ,2.7,Ⅱ,9999,-,0.17,Ⅱ
2017/3/22 4:00,74,四川攀枝花龙洞,长江,长江干流,7.15,Ⅰ,8.18,Ⅰ,1.73,Ⅰ,9999,-,0.09,Ⅰ
2017/3/22 4:00,167,贵州赤水鲢鱼溪,长江,赤水河（黔-川省界）,6.74,Ⅰ,8.25,Ⅰ,1.98,Ⅰ,9999,-,0.09,Ⅰ
2017/3/22 4:00,65,湖北武汉宗关,长江,汉江（入长江前）,7.91,Ⅰ,10.73,Ⅰ,1.47,Ⅰ,9999,-,0.47,Ⅱ
2017/3/22 4:00,56,安徽安庆皖河口,长江,长江干流,7.66,Ⅰ,8.09,Ⅰ,3.64,Ⅱ,9999,-,0.29,Ⅱ
2017/3/22 4:00,173,湖南常德坡头,长江,沅江（入洞庭湖）,-1,-,-1,-,0.57,Ⅰ,9999,-,0.26,Ⅱ
2017/3/22 4:00,18,江苏南京林山,长江,长江干流（皖-苏省界）,8.1,Ⅰ,9.26,Ⅰ,2.22,Ⅱ,9999,-,0.15,Ⅰ
2017/3/22 4:00,184,湖南益阳万家嘴,长江,资水（入洞庭湖前）,8.19,Ⅰ,9.03,Ⅰ,0.53,Ⅰ,9999,-,0.32,Ⅱ
2017/3/22 4:00,175,湖南常德沙河口,长江,澧水（入洞庭湖）,7.7,Ⅰ,12.24,Ⅰ,1.59,Ⅰ,9999,-,0.22,Ⅱ
2017/3/22 4:00,119,四川乐山岷江大桥,长江,岷江（与大渡河汇合前）,6.77,Ⅰ,7.92,Ⅰ,2.56,Ⅱ,9999,-,0.68,Ⅲ
2017/3/22 4:00,118,四川泸州沱江二桥,长江,沱江（入长江前）,7.57,Ⅰ,6.78,Ⅱ,3.24,Ⅱ,9999,-,0.22,Ⅱ
2017/3/22 4:00,16,湖南岳阳城陵矶,长江,长江干流,6.97,Ⅰ,9.07,Ⅰ,2.81,Ⅱ,9999,-,0.44,Ⅱ
2017/3/22 8:00,65,湖北武汉宗关,长江,汉江（入长江前）,7.9,Ⅰ,10.75,Ⅰ,1.78,Ⅰ,9999,-,0.37,Ⅱ
2017/3/22 8:00,123,江西南昌滁槎,长江,赣江（鄱阳湖入口）,6.75,Ⅰ,7.66,Ⅰ,5.72,Ⅲ,4.76,-,0.71,Ⅲ
2017/3/22 8:00,119,四川乐山岷江大桥,长江,岷江（与大渡河汇合前）,6.75,Ⅰ,7.78,Ⅰ,2.64,Ⅱ,9999,-,0.64,Ⅲ
2017/3/22 8:00,112,江苏扬州三江营,长江,夹江（南水北调取水口）,7.62,Ⅰ,8.22,Ⅰ,1.82,Ⅰ,-1,-,-1,-
2017/3/22 8:00,56,安徽安庆皖河口,长江,长江干流,7.68,Ⅰ,8.1,Ⅰ,4.01,Ⅲ,9999,-,0.28,Ⅱ
2017/3/22 8:00,5,重庆朱沱,长江,长江干流（川-渝省界）,8.21,Ⅰ,8.01,Ⅰ,1.92,Ⅰ,9999,-,0.22,Ⅱ
2017/3/22 8:00,118,四川泸州沱江二桥,长江,沱江（入长江前）,7.57,Ⅰ,6.84,Ⅱ,3.07,Ⅱ,9999,-,0.21,Ⅱ
2017/3/22 8:00,107,湖南岳阳岳阳楼,长江,洞庭湖出口,7.24,Ⅰ,9.54,Ⅰ,-1,-,9999,-,0.21,Ⅱ
2017/3/22 8:00,175,湖南常德沙河口,长江,澧水（入洞庭湖）,7.68,Ⅰ,12.2,Ⅰ,2.19,Ⅱ,9999,-,0.27,Ⅱ
2017/3/22 8:00,76,江西九江河西水厂,长江,长江干流（鄂-赣省界）,7.34,Ⅰ,7.88,Ⅰ,2.74,Ⅱ,9999,-,0.14,Ⅰ
2017/3/22 8:00,173,湖南常德坡头,长江,沅江（入洞庭湖）,-1,-,-1,-,0.24,Ⅰ,9999,-,0.27,Ⅱ
2017/3/22 8:00,18,江苏南京林山,长江,长江干流（皖-苏省界）,8.11,Ⅰ,9.31,Ⅰ,2.24,Ⅱ,9999,-,0.15,Ⅰ
2017/3/22 8:00,75,湖北宜昌南津关,长江,长江干流（三峡水库出口）,6.89,Ⅰ,8.21,Ⅰ,2.12,Ⅱ,9999,-,0.13,Ⅰ
2017/3/22 8:00,74,四川攀枝花龙洞,长江,长江干流,7.35,Ⅰ,8.55,Ⅰ,1.59,Ⅰ,9999,-,0.08,Ⅰ
2017/3/22 8:00,114,江西九江蛤蟆石,长江,鄱阳湖出口,7.17,Ⅰ,8.6,Ⅰ,2.54,Ⅱ,9999,-,0.2,Ⅱ
2017/3/22 8:00,184,湖南益阳万家嘴,长江,资水（入洞庭湖前）,8.24,Ⅰ,9.3,Ⅰ,0.89,Ⅰ,9999,-,1.22,Ⅳ
2017/3/22 8:00,16,湖南岳阳城陵矶,长江,长江干流,6.98,Ⅰ,9.12,Ⅰ,2.81,Ⅱ,9999,-,0.59,Ⅲ
2017/3/22 8:00,167,贵州赤水鲢鱼溪,长江,赤水河（黔-川省界）,6.72,Ⅰ,8.27,Ⅰ,-1,-,9999,-,0.13,Ⅰ
